Workbook

Sheet 詳細查詢
A1: =left(A13,2) -> 綠色 | C1: =left(C13,2) | E1: =left(E13,2)
H2: =IFERROR(__xludf.DUMMYFUNCTION("IF(B3="""", '寶可夢喜好表'!B2:B330, FILTER('寶可夢喜好表'!B2:B330, ISNUMBER(SEARCH(B3, '寶可夢喜好表'!B2:B330))))"),"小火龍") -> 小火龍 | I2: 20160321
A3: 手輸專長 | B3: 火 | H3: =IFERROR(__xludf.DUMMYFUNCTION("""COMPUTED_VALUE"""),"火恐龍") -> 火恐龍
A4: 點火 | B4: 小火龍 | H4: =IFERROR(__xludf.DUMMYFUNCTION("""COMPUTED_VALUE"""),"噴火龍") -> 噴火龍
H5: =IFERROR(__xludf.DUMMYFUNCTION("""COMPUTED_VALUE"""),"燈火幽靈") -> 燈火幽靈
A6: 專長 | B6: 喜歡的環境 | C6: 喜歡的事物 | D6: 喜歡的口味 (範例) | H6: =IFERROR(__xludf.DUMMYFUNCTION("""COMPUTED_VALUE"""),"水晶燈火靈") -> 水晶燈火靈
A7: {=XLOOKUP(B4, '寶可夢喜好表'!B:B, '寶可夢喜好表'!C:C, "尚無專長資料")} -> 點火 | B7: {=XLOOKUP(B4, '寶可夢喜好表'!B:B, '寶可夢喜好表'!E:E, "尚無棲息地資料")} -> 溫暖 | C7: {=XLOOKUP(B4, '寶可夢喜好表'!B:B, '寶可夢喜好表'!F:F, "尚無棲息地資料")} -> 感受火焰、木製、堅硬、訓練、大家一起用 | D7: {=XLOOKUP(B4, '寶可夢喜好表'!B:B, '寶可夢喜好表'!G:G, "尚無棲息地資料")} -> 辣 (紅蘿蔔) | H7: =IFERROR(__xludf.DUMMYFUNCTION("""COMPUTED_VALUE"""),"火雉雞") -> 火雉雞
H8: =IFERROR(__xludf.DUMMYFUNCTION("""COMPUTED_VALUE"""),"火焰雞") -> 火焰雞
A9: 掉落物 | H9: =IFERROR(__xludf.DUMMYFUNCTION("""COMPUTED_VALUE"""),"鴨嘴火獸") -> 鴨嘴火獸
A10: {=XLOOKUP(B4, '寶可夢喜好表'!B:B, '寶可夢喜好表'!D:D, "尚無棲息地資料")} | H10: =IFERROR(__xludf.DUMMYFUNCTION("""COMPUTED_VALUE"""),"火神蛾") -> 火神蛾
H11: =IFERROR(__xludf.DUMMYFUNCTION("""COMPUTED_VALUE"""),"火球鼠") -> 火球鼠
A12: 棲息地1 / 道具) | B12: 寶可夢 | C12: 棲息地2/ 道具) | D12: 寶可夢 | E12: 棲息地3 / 道具) | F12: 寶可夢 | H12: =IFERROR(__xludf.DUMMYFUNCTION("""COMPUTED_VALUE"""),"火岩鼠") -> 火岩鼠
A13: {=XLOOKUP(B4, '寶可夢喜好表'!B:B, '寶可夢喜好表'!H:H, "尚無棲息地資料")} -> 綠色的草叢 / 綠草 ×4 | B13: {=XLOOKUP(B4, '寶可夢喜好表'!B:B, '寶可夢喜好表'!I:I, "尚無棲息地資料")} -> 妙蛙種子、小火龍、噴火龍、傑尼龜、走路草、小拳石（空空鎮) | C13: {=XLOOKUP(B4, '寶可夢喜好表'!B:B, '寶可夢喜好表'!J:J, "尚無棲息地資料")} | D13: {=XLOOKUP(B4, '寶可夢喜好表'!B:B, '寶可夢喜好表'!K:K, "尚無棲息地資料")} | E13: {=XLOOKUP(B4, '寶可夢喜好表'!B:B, '寶可夢喜好表'!L:L, "尚無棲息地資料")} | F13: {=XLOOKUP(B4, '寶可夢喜好表'!B:B, '寶可夢喜好表'!M:M, "尚無棲息地資料")} | H13: =IFERROR(__xludf.DUMMYFUNCTION("""COMPUTED_VALUE"""),"火爆獸") -> 火爆獸
A14: {=IF(A1="", "", IFERROR(IMAGE(XLOOKUP("*" & TRIM(A1) & "*", '棲息地'!$B:$B, '棲息地'!$F:$F, "找不到圖片", 2), 1), ""))} | C14: {=IF(C1="", "", IFERROR(IMAGE(XLOOKUP("*" & TRIM(C1) & "*", '棲息地'!$B:$B, '棲息地'!$F:$F, "找不到圖片", 2), 1), ""))} | E14: {=IF(E1="", "", IFERROR(IMAGE(XLOOKUP("*" & TRIM(E1) & "*", '棲息地'!$B:$B, '棲息地'!$F:$F, "找不到圖片", 2), 1), ""))} | G14: =IFERROR(__xludf.DUMMYFUNCTION("IF(A4="""", ""請先在 A3 輸入或選擇專長"", IFERROR(FILTER('寶可夢喜好表'!B:B, '寶可夢喜好表'!C:C=A4), ""查無此專長""))"),"小火龍") -> 小火龍 | H14: =IFERROR(__xludf.DUMMYFUNCTION("""COMPUTED_VALUE"""),"火伊布") -> 火伊布
G15: =IFERROR(__xludf.DUMMYFUNCTION("""COMPUTED_VALUE"""),"火恐龍") -> 火恐龍 | H15: =IFERROR(__xludf.DUMMYFUNCTION("""COMPUTED_VALUE"""),"火焰鳥") -> 火焰鳥
G16: =IFERROR(__xludf.DUMMYFUNCTION("""COMPUTED_VALUE"""),"燭光靈") -> 燭光靈
G17: =IFERROR(__xludf.DUMMYFUNCTION("""COMPUTED_VALUE"""),"燈火幽靈") -> 燈火幽靈
G18: =IFERROR(__xludf.DUMMYFUNCTION("""COMPUTED_VALUE"""),"水晶燈火靈") -> 水晶燈火靈
G19: =IFERROR(__xludf.DUMMYFUNCTION("""COMPUTED_VALUE"""),"火雉雞") -> 火雉雞
G20: =IFERROR(__xludf.DUMMYFUNCTION("""COMPUTED_VALUE"""),"鴨嘴寶寶") -> 鴨嘴寶寶
G21: =IFERROR(__xludf.DUMMYFUNCTION("""COMPUTED_VALUE"""),"鴨嘴火獸") -> 鴨嘴火獸
G22: =IFERROR(__xludf.DUMMYFUNCTION("""COMPUTED_VALUE"""),"煤炭龜") -> 煤炭龜
G23: =IFERROR(__xludf.DUMMYFUNCTION("""COMPUTED_VALUE"""),"炎兔兒") -> 炎兔兒
G24: =IFERROR(__xludf.DUMMYFUNCTION("""COMPUTED_VALUE"""),"騰蹴小將") -> 騰蹴小將
G25: =IFERROR(__xludf.DUMMYFUNCTION("""COMPUTED_VALUE"""),"炭小侍") -> 炭小侍
G26: =IFERROR(__xludf.DUMMYFUNCTION("""COMPUTED_VALUE"""),"六尾") -> 六尾
G27: =IFERROR(__xludf.DUMMYFUNCTION("""COMPUTED_VALUE"""),"九尾") -> 九尾
G28: =IFERROR(__xludf.DUMMYFUNCTION("""COMPUTED_VALUE"""),"火球鼠") -> 火球鼠
G29: =IFERROR(__xludf.DUMMYFUNCTION("""COMPUTED_VALUE"""),"火岩鼠") -> 火岩鼠
G30: =IFERROR(__xludf.DUMMYFUNCTION("""COMPUTED_VALUE"""),"火伊布") -> 火伊布
G31: =IFERROR(__xludf.DUMMYFUNCTION("""COMPUTED_VALUE"""),"炎帝") -> 炎帝
G32: =IFERROR(__xludf.DUMMYFUNCTION("""COMPUTED_VALUE"""),"波爾凱尼恩") -> 波爾凱尼恩

Sheet 棲息地
A1: 編號 | B1: 棲息地名稱 | C1: 核心道具需求 | D1: 出現寶可夢
A2: No.001 | B2: 綠色的草叢 | C2: 綠草 ×4 | D2: 妙蛙種子、小火龍、噴火龍、傑尼龜、走路草、小拳石（空空鎮) | E2: https://drive.google.com/file/d/1Zui1QKajr4K54-QnVN11axFwFdXqil_m/view?usp=drive_link | F2: =IFERROR(__xludf.DUMMYFUNCTION("IF(E2="""", """", ""https://drive.google.com/uc?export=view&id="" & REGEXEXTRACT(E2, ""/d/(.*)/""))"),"https://drive.google.com/uc?export=view&id=1Zui1QKajr4K54-QnVN11axFwFdXqil_m") -> https://drive.google.com/uc?export=view&id=1Zui1QKajr4K54-QnVN11axFwFdXqil_m
A3: No.002 | B3: 樹蔭的草叢 | C3: 大樹 ×1、綠草 ×4 | D3: 飛天螳螂、喇叭芽、巨鉗螳螂（空空鎮)、赫拉克羅斯、凱羅斯、貪心栗鼠（空空鎮) | E3: https://drive.google.com/file/d/19CrdN30HGmpE_sHBpHI0ykoC1Xzs3nFL/view?usp=drive_link | F3: =IFERROR(__xludf.DUMMYFUNCTION("IF(E3="""", """", ""https://drive.google.com/uc?export=view&id="" & REGEXEXTRACT(E3, ""/d/(.*)/""))"),"https://drive.google.com/uc?export=view&id=19CrdN30HGmpE_sHBpHI0ykoC1Xzs3nFL") -> https://drive.google.com/uc?export=view&id=19CrdN30HGmpE_sHBpHI0ykoC1Xzs3nFL
A4: No.003 | B4: 岩影的草地 | C4: 綠草 ×4、大石頭 ×1 | D4: 搬運小匠、鐵骨土人、腕力（空空鎮) | E4: https://drive.google.com/file/d/1ELHxpsZlcq5M83YhnRXD5C6FIN78pF-b/view?usp=drive_link | F4: =IFERROR(__xludf.DUMMYFUNCTION("IF(E4="""", """", ""https://drive.google.com/uc?export=view&id="" & REGEXEXTRACT(E4, ""/d/(.*)/""))"),"https://drive.google.com/uc?export=view&id=1ELHxpsZlcq5M83YhnRXD5C6FIN78pF-b") -> https://drive.google.com/uc?export=view&id=1ELHxpsZlcq5M83YhnRXD5C6FIN78pF-b
A5: No.004 | B5: 濕潤的草地 | C5: 綠草 ×4、水 ×2 | D5: 傑尼龜、卡咪龜、水箭龜、黏美兒、古月鳥（空空鎮) | E5: https://drive.google.com/file/d/1fwTkKzuuQxM9eaQ9Ln-6BPQEbC_bwkjJ/view?usp=drive_link | F5: =IFERROR(__xludf.DUMMYFUNCTION("IF(E5="""", """", ""https://drive.google.com/uc?export=view&id="" & REGEXEXTRACT(E5, ""/d/(.*)/""))"),"https://drive.google.com/uc?export=view&id=1fwTkKzuuQxM9eaQ9Ln-6BPQEbC_bwkjJ") -> https://drive.google.com/uc?export=view&id=1fwTkKzuuQxM9eaQ9Ln-6BPQEbC_bwkjJ
A6: No.005 | B6: 海浪邊的草叢 | C6: 綠草 ×4、海水 ×2 | D6: 呆呆獸、呆呆王、呆殼獸 | E6: https://drive.google.com/file/d/1zKMMiq7r3vrF5UvmbZPtVtD_dfDYdUP3/view?usp=drive_link | F6: =IFERROR(__xludf.DUMMYFUNCTION("IF(E6="""", """", ""https://drive.google.com/uc?export=view&id="" & REGEXEXTRACT(E6, ""/d/(.*)/""))"),"https://drive.google.com/uc?export=view&id=1zKMMiq7r3vrF5UvmbZPtVtD_dfDYdUP3") -> https://drive.google.com/uc?export=view&id=1zKMMiq7r3vrF5UvmbZPtVtD_dfDYdUP3
A7: No.006 | B7: 高崗的草叢 | C7: 綠草 ×4、高處 ×1 | D7: 咕咕、波波、比比鳥 | E7: https://drive.google.com/file/d/1Z5rKeD-bOwEO2zJCMhi8LMhShYWp-Ddb/view?usp=drive_link | F7: =IFERROR(__xludf.DUMMYFUNCTION("IF(E7="""", """", ""https://drive.google.com/uc?export=view&id="" & REGEXEXTRACT(E7, ""/d/(.*)/""))"),"https://drive.google.com/uc?export=view&id=1Z5rKeD-bOwEO2zJCMhi8LMhShYWp-Ddb") -> https://drive.google.com/uc?export=view&id=1Z5rKeD-bOwEO2zJCMhi8LMhShYWp-Ddb
A8: No.007 | B8: 光照的草叢 | C8: 草叢(任意) ×4、照明(任意) ×1 | D8: 毛球、摩魯蛾 | E8: https://drive.google.com/file/d/1t8xnCYn4TFB4oYGXSu-SqsGqdBDu9QAV/view?usp=drive_link | F8: =IFERROR(__xludf.DUMMYFUNCTION("IF(E8="""", """", ""https://drive.google.com/uc?export=view&id="" & REGEXEXTRACT(E8, ""/d/(.*)/""))"),"https://drive.google.com/uc?export=view&id=1t8xnCYn4TFB4oYGXSu-SqsGqdBDu9QAV") -> https://drive.google.com/uc?export=view&id=1t8xnCYn4TFB4oYGXSu-SqsGqdBDu9QAV
A9: No.008 | B9: 漂亮的花田 | C9: 原野之花 ×4 | D9: 咕咕、三蜜蜂、伊布、波波（空空鎮)、鴨嘴寶寶（空空鎮) | E9: https://drive.google.com/file/d/1fZ5xoeCppudNCNreKNTA1N9jUYmH0NvG/view?usp=drive_link | F9: =IFERROR(__xludf.DUMMYFUNCTION("IF(E9="""", """", ""https://drive.google.com/uc?export=view&id="" & REGEXEXTRACT(E9, ""/d/(.*)/""))"),"https://drive.google.com/uc?export=view&id=1fZ5xoeCppudNCNreKNTA1N9jUYmH0NvG") -> https://drive.google.com/uc?export=view&id=1fZ5xoeCppudNCNreKNTA1N9jUYmH0NvG
A10: No.009 | B10: 樹蔭的花田 | C10: 原野之花 ×4 | D10: 黏黏寶、夢歌仙人掌、鍬農炮蟲（空空鎮) | E10: https://drive.google.com/file/d/1Pa_OwADXdwfpOXBTrfLWXVTRGQROALa4/view?usp=drive_link | F10: =IFERROR(__xludf.DUMMYFUNCTION("IF(E10="""", """", ""https://drive.google.com/uc?export=view&id="" & REGEXEXTRACT(E10, ""/d/(.*)/""))"),"https://drive.google.com/uc?export=view&id=1Pa_OwADXdwfpOXBTrfLWXVTRGQROALa4") -> https://drive.google.com/uc?export=view&id=1Pa_OwADXdwfpOXBTrfLWXVTRGQROALa4
A11: No.010 | B11: 濕潤的花田 | C11: 原野之花 ×4、水 ×2 | D11: 甜甜螢、電螢蟲 | E11: https://drive.google.com/file/d/13GWQEZZL6FlM4c33is_47k5pEQD6fHjB/view?usp=drive_link | F11: =IFERROR(__xludf.DUMMYFUNCTION("IF(E11="""", """", ""https://drive.google.com/uc?export=view&id="" & REGEXEXTRACT(E11, ""/d/(.*)/""))"),"https://drive.google.com/uc?export=view&id=13GWQEZZL6FlM4c33is_47k5pEQD6fHjB") -> https://drive.google.com/uc?export=view&id=13GWQEZZL6FlM4c33is_47k5pEQD6fHjB
A12: No.011 | B12: 整片的花海 | C12: 原野之花 ×8 | D12: 妙蛙草、妙蛙花、蜂女王 | E12: https://drive.google.com/file/d/1fBC42KzrWPHrGrKZSlsuPGUcffl2FbPM/view?usp=drive_link | F12: =IFERROR(__xludf.DUMMYFUNCTION("IF(E12="""", """", ""https://drive.google.com/uc?export=view&id="" & REGEXEXTRACT(E12, ""/d/(.*)/""))"),"https://drive.google.com/uc?export=view&id=1fBC42KzrWPHrGrKZSlsuPGUcffl2FbPM") -> https://drive.google.com/uc?export=view&id=1fBC42KzrWPHrGrKZSlsuPGUcffl2FbPM
A13: No.012 | B13: 高崗的花海 | C13: 原野之花 ×4、高處 ×1 | D13: 派拉斯、派拉斯特 | E13: https://drive.google.com/file/d/1kb9nrzFjrr2IPcq4ATBQQOUw6vaTpFJ7/view?usp=drive_link | F13: =IFERROR(__xludf.DUMMYFUNCTION("IF(E13="""", """", ""https://drive.google.com/uc?export=view&id="" & REGEXEXTRACT(E13, ""/d/(.*)/""))"),"https://drive.google.com/uc?export=view&id=1kb9nrzFjrr2IPcq4ATBQQOUw6vaTpFJ7") -> https://drive.google.com/uc?export=view&id=1kb9nrzFjrr2IPcq4ATBQQOUw6vaTpFJ7
A14: No.013 | B14: 花朵纏繞的墓地 | C14: 原野之花 ×4、墓碑 ×1 | D14: 卡拉卡拉、嘎啦嘎啦 | E14: https://drive.google.com/file/d/14MtBLuKH364jLo-v3egXmfdVfeh5Nhz9/view?usp=drive_link | F14: =IFERROR(__xludf.DUMMYFUNCTION("IF(E14="""", """", ""https://drive.google.com/uc?export=view&id="" & REGEXEXTRACT(E14, ""/d/(.*)/""))"),"https://drive.google.com/uc?export=view&id=14MtBLuKH364jLo-v3egXmfdVfeh5Nhz9") -> https://drive.google.com/uc?export=view&id=14MtBLuKH364jLo-v3egXmfdVfeh5Nhz9
A15: No.014 | B15: 花園 | C15: 樹籬(任意) ×4、原野之花 ×4 | D15: 派拉斯、派拉斯特 | E15: https://drive.google.com/file/d/14nbZVUvlsjY-LDtwN3AQa2hzZWDlnvgf/view?usp=drive_link | F15: =IFERROR(__xludf.DUMMYFUNCTION("IF(E15="""", """", ""https://drive.google.com/uc?export=view&id="" & REGEXEXTRACT(E15, ""/d/(.*)/""))"),"https://drive.google.com/uc?export=view&id=14nbZVUvlsjY-LDtwN3AQa2hzZWDlnvgf") -> https://drive.google.com/uc?export=view&id=14nbZVUvlsjY-LDtwN3AQa2hzZWDlnvgf
A16: No.015 | B16: 新鮮蔬菜田 | C16: 蔬菜田(任意) ×8 | D16: 螺釘地鼠、龍頭地鼠、木木梟（空空鎮) | E16: https://drive.google.com/file/d/1nDD6CuoMnLoga-f0PpsRtqWD57UfRBkx/view?usp=drive_link | F16: =IFERROR(__xludf.DUMMYFUNCTION("IF(E16="""", """", ""https://drive.google.com/uc?export=view&id="" & REGEXEXTRACT(E16, ""/d/(.*)/""))"),"https://drive.google.com/uc?export=view&id=1nDD6CuoMnLoga-f0PpsRtqWD57UfRBkx") -> https://drive.google.com/uc?export=view&id=1nDD6CuoMnLoga-f0PpsRtqWD57UfRBkx
A17: No.016 | B17: 乘上暖風 | C17: 營火 ×3 | D17: 飄飄球 | E17: https://drive.google.com/file/d/1GWhrzo7rxLbs37rHVEullF_ENsxgNAHk/view?usp=drive_link | F17: =IFERROR(__xludf.DUMMYFUNCTION("IF(E17="""", """", ""https://drive.google.com/uc?export=view&id="" & REGEXEXTRACT(E17, ""/d/(.*)/""))"),"https://drive.google.com/uc?export=view&id=1GWhrzo7rxLbs37rHVEullF_ENsxgNAHk") -> https://drive.google.com/uc?export=view&id=1GWhrzo7rxLbs37rHVEullF_ENsxgNAHk
A18: No.017 | B18: 露營組合 | C18: 營火 ×1、乾草桌 ×1、乾草椅 ×1 | D18: 火恐龍 | E18: https://drive.google.com/file/d/1RhhU84KkyO7NlAJy7orPp0p9Gvcqfa7p/view?usp=drive_link | F18: =IFERROR(__xludf.DUMMYFUNCTION("IF(E18="""", """", ""https://drive.google.com/uc?export=view&id="" & REGEXEXTRACT(E18, ""/d/(.*)/""))"),"https://drive.google.com/uc?export=view&id=1RhhU84KkyO7NlAJy7orPp0p9Gvcqfa7p") -> https://drive.google.com/uc?export=view&id=1RhhU84KkyO7NlAJy7orPp0p9Gvcqfa7p
A19: No.018 | B19: 修行瀑布 | C19: 椅子(任意) ×1、水 ×2、瀑布 ×1 | D19: 無畏小子 | E19: https://drive.google.com/file/d/1xjXqd9TAn4SNoGBre-Gwh6YcMaT9nnTd/view?usp=drive_link | F19: =IFERROR(__xludf.DUMMYFUNCTION("IF(E19="""", """", ""https://drive.google.com/uc?export=view&id="" & REGEXEXTRACT(E19, ""/d/(.*)/""))"),"https://drive.google.com/uc?export=view&id=1xjXqd9TAn4SNoGBre-Gwh6YcMaT9nnTd") -> https://drive.google.com/uc?export=view&id=1xjXqd9TAn4SNoGBre-Gwh6YcMaT9nnTd
A20: No.019 | B20: 餓肚肚用餐區 | C20: 椅子(任意) ×1、桌子(任意) ×1、盤子上的食物 ×1 | D20: 溶食獸 | E20: https://drive.google.com/file/d/1NBZAjEUjlnSON7vZLet5XIsqsjVF3DG7/view?usp=drive_link | F20: =IFERROR(__xludf.DUMMYFUNCTION("IF(E20="""", """", ""https://drive.google.com/uc?export=view&id="" & REGEXEXTRACT(E20, ""/d/(.*)/""))"),"https://drive.google.com/uc?export=view&id=1NBZAjEUjlnSON7vZLet5XIsqsjVF3DG7") -> https://drive.google.com/uc?export=view&id=1NBZAjEUjlnSON7vZLet5XIsqsjVF3DG7
A21: No.020 | B21: 野餐風餐桌 | C21: 椅子(任意) ×2、桌子(任意) ×1、籃子 ×1 | D21: 皮丘(乾巴巴荒野)、皮卡丘（空空鎮) | E21: https://drive.google.com/file/d/1xLZR7Tsp1ZMTqDTbGVVvpw5bqZ1CuvGY/view?usp=drive_link | F21: =IFERROR(__xludf.DUMMYFUNCTION("IF(E21="""", """", ""https://drive.google.com/uc?export=view&id="" & REGEXEXTRACT(E21, ""/d/(.*)/""))"),"https://drive.google.com/uc?export=view&id=1xLZR7Tsp1ZMTqDTbGVVvpw5bqZ1CuvGY") -> https://drive.google.com/uc?export=view&id=1xLZR7Tsp1ZMTqDTbGVVvpw5bqZ1CuvGY
A22: No.021 | B22: 華麗的桌子 | C22: 椅子(任意) ×1、桌子(任意) ×1 | D22: 口呆花、大食花 | E22: https://drive.google.com/file/d/1IG2TcQGWffGFN2F84WUiO2bM9zvaewoY/view?usp=drive_link | F22: =IFERROR(__xludf.DUMMYFUNCTION("IF(E22="""", """", ""https://drive.google.com/uc?export=view&id="" & REGEXEXTRACT(E22, ""/d/(.*)/""))"),"https://drive.google.com/uc?export=view&id=1IG2TcQGWffGFN2F84WUiO2bM9zvaewoY") -> https://drive.google.com/uc?export=view&id=1IG2TcQGWffGFN2F84WUiO2bM9zvaewoY
A23: No.022 | B23: 綠色的長椅 | C23: 樹籬(任意) ×2、椅子(長條) ×1 | D23: 妙蛙種子、妙蛙草、巨蔓藤(需連線去對方的島) | E23: https://drive.google.com/file/d/1yLkAA6Es4XvbY7OFs0wlQp1MtiuQ-Gqu/view?usp=drive_link | F23: =IFERROR(__xludf.DUMMYFUNCTION("IF(E23="""", """", ""https://drive.google.com/uc?export=view&id="" & REGEXEXTRACT(E23, ""/d/(.*)/""))"),"https://drive.google.com/uc?export=view&id=1yLkAA6Es4XvbY7OFs0wlQp1MtiuQ-Gqu") -> https://drive.google.com/uc?export=view&id=1yLkAA6Es4XvbY7OFs0wlQp1MtiuQ-Gqu
A24: No.023 | B24: 光照的長椅 | C24: 椅子(長條) ×1、路燈(任意) ×1 | D24: 毛球 | E24: https://drive.google.com/file/d/1vZH2kamMfuXWmuQ4KlWODZnxqtptXSOp/view?usp=drive_link | F24: =IFERROR(__xludf.DUMMYFUNCTION("IF(E24="""", """", ""https://drive.google.com/uc?export=view&id="" & REGEXEXTRACT(E24, ""/d/(.*)/""))"),"https://drive.google.com/uc?export=view&id=1vZH2kamMfuXWmuQ4KlWODZnxqtptXSOp") -> https://drive.google.com/uc?export=view&id=1vZH2kamMfuXWmuQ4KlWODZnxqtptXSOp
A25: No.024 | B25: 健身區用餐區 | C25: 沙包 ×1、椅子(任意) ×1 | D25: 快拳郎 | E25: https://drive.google.com/file/d/1Ym45okARDdkyfF_ZzR3BD0qawn-ye3gq/view?usp=drive_link | F25: =IFERROR(__xludf.DUMMYFUNCTION("IF(E25="""", """", ""https://drive.google.com/uc?export=view&id="" & REGEXEXTRACT(E25, ""/d/(.*)/""))"),"https://drive.google.com/uc?export=view&id=1Ym45okARDdkyfF_ZzR3BD0qawn-ye3gq") -> https://drive.google.com/uc?export=view&id=1Ym45okARDdkyfF_ZzR3BD0qawn-ye3gq
A26: No.025 | B26: 緊急救護站 | C26: 椅子(任意) ×1、桌子(任意) ×1、急救箱 ×1 | D26: 飛腿郎 | E26: https://drive.google.com/file/d/1yBISxXekCdWZcFW5CppnNvAgf0qMIJHx/view?usp=drive_link | F26: =IFERROR(__xludf.DUMMYFUNCTION("IF(E26="""", """", ""https://drive.google.com/uc?export=view&id="" & REGEXEXTRACT(E26, ""/d/(.*)/""))"),"https://drive.google.com/uc?export=view&id=1yBISxXekCdWZcFW5CppnNvAgf0qMIJHx") -> https://drive.google.com/uc?export=view&id=1yBISxXekCdWZcFW5CppnNvAgf0qMIJHx
A27: No.026 | B27: 健身區救護站 | C27: 桌子(任意) ×1、沙包 ×1、急救箱 ×1 | D27: 戰舞郎 | E27: https://drive.google.com/file/d/1h933OGLQfet6ZWMyP4kodMMC1eiYvZPz/view?usp=drive_link | F27: =IFERROR(__xludf.DUMMYFUNCTION("IF(E27="""", """", ""https://drive.google.com/uc?export=view&id="" & REGEXEXTRACT(E27, ""/d/(.*)/""))"),"https://drive.google.com/uc?export=view&id=1h933OGLQfet6ZWMyP4kodMMC1eiYvZPz") -> https://drive.google.com/uc?export=view&id=1h933OGLQfet6ZWMyP4kodMMC1eiYvZPz
A28: No.027 | B28: 指路牌 | C28: 箭頭告示牌 ×1、木頭小路 ×3 | D28: 無殼海兔 | E28: https://drive.google.com/file/d/1Z1TRDksTSds7c2xIaT6z4Dpe09rP2pbJ/view?usp=drive_link | F28: =IFERROR(__xludf.DUMMYFUNCTION("IF(E28="""", """", ""https://drive.google.com/uc?export=view&id="" & REGEXEXTRACT(E28, ""/d/(.*)/""))"),"https://drive.google.com/uc?export=view&id=1Z1TRDksTSds7c2xIaT6z4Dpe09rP2pbJ") -> https://drive.google.com/uc?export=view&id=1Z1TRDksTSds7c2xIaT6z4Dpe09rP2pbJ
A29: No.028 | B29: 載上大行李 | C29: 手推車 ×1、木箱 ×2 | D29: 鐵骨土人、小鍛匠（空空鎮)、巧鍛匠（空空鎮) | E29: https://drive.google.com/file/d/1dd2IMbyTsIgCoxi6TfTAo7Y6cTjh_omG/view?usp=drive_link | F29: =IFERROR(__xludf.DUMMYFUNCTION("IF(E29="""", """", ""https://drive.google.com/uc?export=view&id="" & REGEXEXTRACT(E29, ""/d/(.*)/""))"),"https://drive.google.com/uc?export=view&id=1dd2IMbyTsIgCoxi6TfTAo7Y6cTjh_omG") -> https://drive.google.com/uc?export=view&id=1dd2IMbyTsIgCoxi6TfTAo7Y6cTjh_omG
A30: No.029 | B30: 樵夫的工作區 | C30: 圓木椅 ×1、手推車 ×1、樹樁 ×1、圓木桌 ×1 | D30: 牙牙（★）、斧牙龍（★★）、雙斧戰龍（★★★） | E30: https://drive.google.com/file/d/1uj8O15kVRxPvY-VhrExpqYdkyvoPY3dS/view?usp=drive_link | F30: =IFERROR(__xludf.DUMMYFUNCTION("IF(E30="""", """", ""https://drive.google.com/uc?export=view&id="" & REGEXEXTRACT(E30, ""/d/(.*)/""))"),"https://drive.google.com/uc?export=view&id=1uj8O15kVRxPvY-VhrExpqYdkyvoPY3dS") -> https://drive.google.com/uc?export=view&id=1uj8O15kVRxPvY-VhrExpqYdkyvoPY3dS
A31: No.030 | B31: 布偶伴好眠 | C31: 床鋪(任意) ×1 | D31: 飄飄球、小卡比獸（空空鎮) | E31: https://drive.google.com/file/d/1yTMvl-TTPdZvYO8Dss-kfVa18l1S8hKp/view?usp=drive_link | F31: =IFERROR(__xludf.DUMMYFUNCTION("IF(E31="""", """", ""https://drive.google.com/uc?export=view&id="" & REGEXEXTRACT(E31, ""/d/(.*)/""))"),"https://drive.google.com/uc?export=view&id=1yTMvl-TTPdZvYO8Dss-kfVa18l1S8hKp") -> https://drive.google.com/uc?export=view&id=1yTMvl-TTPdZvYO8Dss-kfVa18l1S8hKp
A32: No.031 | B32: 柔光伴好眠 | C32: 床鋪(任意) ×1、桌子(任意) ×1、細長蠟燭 ×1 | D32: 咕咕、貓頭夜鷹 | E32: https://drive.google.com/file/d/1HDoKzr-bOVCO4MZBahsLi-5SukLEUApY/view?usp=drive_link | F32: =IFERROR(__xludf.DUMMYFUNCTION("IF(E32="""", """", ""https://drive.google.com/uc?export=view&id="" & REGEXEXTRACT(E32, ""/d/(.*)/""))"),"https://drive.google.com/uc?export=view&id=1HDoKzr-bOVCO4MZBahsLi-5SukLEUApY") -> https://drive.google.com/uc?export=view&id=1HDoKzr-bOVCO4MZBahsLi-5SukLEUApY
A33: No.032 | B33: 墓前的供品 | C33: 墓碑 ×1、細長蠟燭 ×2、盤子上的食物 ×1 | D33: 燭光靈 | E33: https://drive.google.com/file/d/1lYfXfavq0TBl9HHF8eqIUvjJFvldc6GB/view?usp=drive_link | F33: =IFERROR(__xludf.DUMMYFUNCTION("IF(E33="""", """", ""https://drive.google.com/uc?export=view&id="" & REGEXEXTRACT(E33, ""/d/(.*)/""))"),"https://drive.google.com/uc?export=view&id=1lYfXfavq0TBl9HHF8eqIUvjJFvldc6GB") -> https://drive.google.com/uc?export=view&id=1lYfXfavq0TBl9HHF8eqIUvjJFvldc6GB
A34: No.033 | B34: 詭異墓前的供品 | C34: 可疑的蠟燭 ×2、墓碑 ×1、盤子上的食物 ×1 | D34: 燭光靈、燈火幽靈、水晶燈火靈 | E34: https://drive.google.com/file/d/1NyGxjwiINsObEZv5eZydpDHkY7Noicfg/view?usp=drive_link | F34: =IFERROR(__xludf.DUMMYFUNCTION("IF(E34="""", """", ""https://drive.google.com/uc?export=view&id="" & REGEXEXTRACT(E34, ""/d/(.*)/""))"),"https://drive.google.com/uc?export=view&id=1NyGxjwiINsObEZv5eZydpDHkY7Noicfg") -> https://drive.google.com/uc?export=view&id=1NyGxjwiINsObEZv5eZydpDHkY7Noicfg
A35: No.034 | B35: 吉利蛋休息處 | C35: 樹籬(任意) ×6、椅子(長條) ×1 | D35: 霸王花、美麗花 | E35: https://drive.google.com/file/d/1cKJ8IPz3WQ6DG1vQb1N7wvPVKF5UWM2J/view?usp=drive_link | F35: =IFERROR(__xludf.DUMMYFUNCTION("IF(E35="""", """", ""https://drive.google.com/uc?export=view&id="" & REGEXEXTRACT(E35, ""/d/(.*)/""))"),"https://drive.google.com/uc?export=view&id=1cKJ8IPz3WQ6DG1vQb1N7wvPVKF5UWM2J") -> https://drive.google.com/uc?export=view&id=1cKJ8IPz3WQ6DG1vQb1N7wvPVKF5UWM2J
A36: No.035 | B36: 光與香氣的勾引 | C36: 盤子上的食物 ×1 | D36: 口呆花 | E36: https://drive.google.com/file/d/1joFxiLq6Xqr-ZXZ8-7vBKfpK-Yxb8iHd/view?usp=drive_link | F36: =IFERROR(__xludf.DUMMYFUNCTION("IF(E36="""", """", ""https://drive.google.com/uc?export=view&id="" & REGEXEXTRACT(E36, ""/d/(.*)/""))"),"https://drive.google.com/uc?export=view&id=1joFxiLq6Xqr-ZXZ8-7vBKfpK-Yxb8iHd") -> https://drive.google.com/uc?export=view&id=1joFxiLq6Xqr-ZXZ8-7vBKfpK-Yxb8iHd
A37: No.036 | B37: 在陰涼處漂浮玩水 | C37: 海灘傘 ×1、水 ×2 | D37: 水箭龜 | E37: https://drive.google.com/file/d/1Viy3kDTiRGBHZphYMHRmYmkKuJx5NMWw/view?usp=drive_link | F37: =IFERROR(__xludf.DUMMYFUNCTION("IF(E37="""", """", ""https://drive.google.com/uc?export=view&id="" & REGEXEXTRACT(E37, ""/d/(.*)/""))"),"https://drive.google.com/uc?export=view&id=1Viy3kDTiRGBHZphYMHRmYmkKuJx5NMWw") -> https://drive.google.com/uc?export=view&id=1Viy3kDTiRGBHZphYMHRmYmkKuJx5NMWw
A38: No.037 | B38: 乾爽草叢 | C38: 枯萎的綠草 ×4、沙沙岩石 ×1 | D38: 大岩蛇 | E38: https://drive.google.com/file/d/1LytccQl21AjbkiqUQqPcbN_TZYKmN7dr/view?usp=drive_link | F38: =IFERROR(__xludf.DUMMYFUNCTION("IF(E38="""", """", ""https://drive.google.com/uc?export=view&id="" & REGEXEXTRACT(E38, ""/d/(.*)/""))"),"https://drive.google.com/uc?export=view&id=1LytccQl21AjbkiqUQqPcbN_TZYKmN7dr") -> https://drive.google.com/uc?export=view&id=1LytccQl21AjbkiqUQqPcbN_TZYKmN7dr
A39: No.038 | B39: 工廠倉庫 | C39: 路燈(任意) ×1 | D39: 小磁怪 | E39: https://drive.google.com/file/d/1sF8CRK36ZPLKDN3LDYnVNlnuoeIr2Yd5/view?usp=drive_link | F39: =IFERROR(__xludf.DUMMYFUNCTION("IF(E39="""", """", ""https://drive.google.com/uc?export=view&id="" & REGEXEXTRACT(E39, ""/d/(.*)/""))"),"https://drive.google.com/uc?export=view&id=1sF8CRK36ZPLKDN3LDYnVNlnuoeIr2Yd5") -> https://drive.google.com/uc?export=view&id=1sF8CRK36ZPLKDN3LDYnVNlnuoeIr2Yd5
A40: No.039 | B40: 豪華小雞飼料 | C40: 裝有樹果的籃子 ×1、木製鳥巢箱 ×1 | D40: 大比鳥（★） | E40: https://drive.google.com/file/d/1FD045dZ0IoiEuAzHpWD93NriuGWrxeyr/view?usp=drive_link | F40: =IFERROR(__xludf.DUMMYFUNCTION("IF(E40="""", """", ""https://drive.google.com/uc?export=view&id="" & REGEXEXTRACT(E40, ""/d/(.*)/""))"),"https://drive.google.com/uc?export=view&id=1FD045dZ0IoiEuAzHpWD93NriuGWrxeyr") -> https://drive.google.com/uc?export=view&id=1FD045dZ0IoiEuAzHpWD93NriuGWrxeyr
A41: No.040 | B41: 樹果露營大餐 | C41: 晴天漂浮泡泡娃娃 ×2、營火 ×1、樹果籃 ×1、高處 ×1 | D41: 噴火龍 | E41: https://drive.google.com/file/d/1ZD2wQv6s7EnOb1yU2kl_utwfcAu33CUR/view?usp=drive_link | F41: =IFERROR(__xludf.DUMMYFUNCTION("IF(E41="""", """", ""https://drive.google.com/uc?export=view&id="" & REGEXEXTRACT(E41, ""/d/(.*)/""))"),"https://drive.google.com/uc?export=view&id=1ZD2wQv6s7EnOb1yU2kl_utwfcAu33CUR") -> https://drive.google.com/uc?export=view&id=1ZD2wQv6s7EnOb1yU2kl_utwfcAu33CUR
A42: No.041 | B42: 求雨地點 | C42: 雨天漂浮泡泡娃娃 ×2、盤子上的食物 ×1 | D42: 黏黏寶 | E42: https://drive.google.com/file/d/19_FmcEfS-6SjCpmqN06rxWxqEjC0Yvmk/view?usp=drive_link | F42: =IFERROR(__xludf.DUMMYFUNCTION("IF(E42="""", """", ""https://drive.google.com/uc?export=view&id="" & REGEXEXTRACT(E42, ""/d/(.*)/""))"),"https://drive.google.com/uc?export=view&id=19_FmcEfS-6SjCpmqN06rxWxqEjC0Yvmk") -> https://drive.google.com/uc?export=view&id=19_FmcEfS-6SjCpmqN06rxWxqEjC0Yvmk
A43: No.042 | B43: 大晴天地點 | C43: 晴天漂浮泡泡娃娃 ×2、盤子上的食物 ×1 | D43: 刺球仙人掌 | E43: https://drive.google.com/file/d/1H0V8Fdmr17Can4HqZ_kn86nlGowUtbfx/view?usp=drive_link | F43: =IFERROR(__xludf.DUMMYFUNCTION("IF(E43="""", """", ""https://drive.google.com/uc?export=view&id="" & REGEXEXTRACT(E43, ""/d/(.*)/""))"),"https://drive.google.com/uc?export=view&id=1H0V8Fdmr17Can4HqZ_kn86nlGowUtbfx") -> https://drive.google.com/uc?export=view&id=1H0V8Fdmr17Can4HqZ_kn86nlGowUtbfx
A44: No.043 | B44: 博士的寶物 | C44: 遺失物(大型) ×1、床鋪(全部) ×1、博士的寶物 ×1 | D44: 巨蔓藤博士（★） | E44: https://drive.google.com/file/d/1SLPkA9bY97lvvIYtDio7KCvgbvmfmxa4/view?usp=drive_link | F44: =IFERROR(__xludf.DUMMYFUNCTION("IF(E44="""", """", ""https://drive.google.com/uc?export=view&id="" & REGEXEXTRACT(E44, ""/d/(.*)/""))"),"https://drive.google.com/uc?export=view&id=1SLPkA9bY97lvvIYtDio7KCvgbvmfmxa4") -> https://drive.google.com/uc?export=view&id=1SLPkA9bY97lvvIYtDio7KCvgbvmfmxa4
A45: No.044 | B45: 圓木的溫馨感 | C45: 圓木椅 ×1、圓木桌 ×1、圓木床 ×1 | D45: 牙牙（★）、斧牙龍（★★）、雙斧戰龍（★★★） | E45: https://drive.google.com/file/d/1ADJagxmVD3qisbF8wZyyA42hfviJszKd/view?usp=drive_link | F45: =IFERROR(__xludf.DUMMYFUNCTION("IF(E45="""", """", ""https://drive.google.com/uc?export=view&id="" & REGEXEXTRACT(E45, ""/d/(.*)/""))"),"https://drive.google.com/uc?export=view&id=1ADJagxmVD3qisbF8wZyyA42hfviJszKd") -> https://drive.google.com/uc?export=view&id=1ADJagxmVD3qisbF8wZyyA42hfviJszKd
A46: No.045 | B46: 樹果大集合 | C46: (樹果籃與相關裝飾) | D46: 黏美龍（★★） | E46: https://drive.google.com/file/d/1NAInQBxrYUoTGzaaoM8Sue0xS76RWJu2/view?usp=drive_link | F46: =IFERROR(__xludf.DUMMYFUNCTION("IF(E46="""", """", ""https://drive.google.com/uc?export=view&id="" & REGEXEXTRACT(E46, ""/d/(.*)/""))"),"https://drive.google.com/uc?export=view&id=1NAInQBxrYUoTGzaaoM8Sue0xS76RWJu2") -> https://drive.google.com/uc?export=view&id=1NAInQBxrYUoTGzaaoM8Sue0xS76RWJu2
A47: No.046 | B47: 庭園陽台 | C47: 原野之花 ×4、花園燈 ×1、花園椅 ×1 | D47: 妙蛙花 | E47: https://drive.google.com/file/d/1qyi1sEe_mSo-GI6Rv001JV8cjgE2BxI6/view?usp=drive_link | F47: =IFERROR(__xludf.DUMMYFUNCTION("IF(E47="""", """", ""https://drive.google.com/uc?export=view&id="" & REGEXEXTRACT(E47, ""/d/(.*)/""))"),"https://drive.google.com/uc?export=view&id=1qyi1sEe_mSo-GI6Rv001JV8cjgE2BxI6") -> https://drive.google.com/uc?export=view&id=1qyi1sEe_mSo-GI6Rv001JV8cjgE2BxI6
A48: No.047 | B48: 樹蔭下熟睡的卡比獸 | C48: 大樹 ×1、打瞌睡床 ×1 | D48: 小卡比獸（空空鎮)、卡比獸（空空鎮) | E48: https://drive.google.com/file/d/1PCKRG5pB-QE4sc8xjdHb0uOIiYD4lrYD/view?usp=drive_link | F48: =IFERROR(__xludf.DUMMYFUNCTION("IF(E48="""", """", ""https://drive.google.com/uc?export=view&id="" & REGEXEXTRACT(E48, ""/d/(.*)/""))"),"https://drive.google.com/uc?export=view&id=1PCKRG5pB-QE4sc8xjdHb0uOIiYD4lrYD") -> https://drive.google.com/uc?export=view&id=1PCKRG5pB-QE4sc8xjdHb0uOIiYD4lrYD
A49: No.048 | B49: 懷舊古董 | C49: 古董衣櫃/床鋪/梳妝台/椅子 各1 | D49: 雙彈瓦斯（★）、卡比獸（★） | E49: https://drive.google.com/file/d/1ohDxUQ0Qm6eGyctH6qsogGTzgYaD5pBC/view?usp=drive_link | F49: =IFERROR(__xludf.DUMMYFUNCTION("IF(E49="""", """", ""https://drive.google.com/uc?export=view&id="" & REGEXEXTRACT(E49, ""/d/(.*)/""))"),"https://drive.google.com/uc?export=view&id=1ohDxUQ0Qm6eGyctH6qsogGTzgYaD5pBC") -> https://drive.google.com/uc?export=view&id=1ohDxUQ0Qm6eGyctH6qsogGTzgYaD5pBC
A50: No.049 | B50: 滿滿是寶可夢球 | C50: 寶可夢球桌燈/床鋪/桌子/沙發 各1 | D50: 蔓藤怪（★） | E50: https://drive.google.com/file/d/1fmevb2bbfXZshEVAZHnl6UMm42K-I58v/view?usp=drive_link | F50: =IFERROR(__xludf.DUMMYFUNCTION("IF(E50="""", """", ""https://drive.google.com/uc?export=view&id="" & REGEXEXTRACT(E50, ""/d/(.*)/""))"),"https://drive.google.com/uc?export=view&id=1fmevb2bbfXZshEVAZHnl6UMm42K-I58v") -> https://drive.google.com/uc?export=view&id=1fmevb2bbfXZshEVAZHnl6UMm42K-I58v
A51: No.050 | B51: 黃色的草叢 | C51: 黃草 ×4 | D51: 圓絲蛛、阿利多斯、強顎雞母蟲 | E51: https://drive.google.com/file/d/1EB79Pl5ambsyB1nZJCYXPpKBIAaY9j_G/view?usp=drive_link | F51: =IFERROR(__xludf.DUMMYFUNCTION("IF(E51="""", """", ""https://drive.google.com/uc?export=view&id="" & REGEXEXTRACT(E51, ""/d/(.*)/""))"),"https://drive.google.com/uc?export=view&id=1EB79Pl5ambsyB1nZJCYXPpKBIAaY9j_G") -> https://drive.google.com/uc?export=view&id=1EB79Pl5ambsyB1nZJCYXPpKBIAaY9j_G
A52: No.051 | B52: 樹蔭的黃色草叢 | C52: 大樹 ×1、黃草 ×4 | D52: 幕下力士、超音蝠、大嘴蝠、鐵掌力士 | E52: https://drive.google.com/file/d/12nwCh5RCg_i-D4YjOvzO-2qf7OGt62N9/view?usp=drive_link | F52: =IFERROR(__xludf.DUMMYFUNCTION("IF(E52="""", """", ""https://drive.google.com/uc?export=view&id="" & REGEXEXTRACT(E52, ""/d/(.*)/""))"),"https://drive.google.com/uc?export=view&id=12nwCh5RCg_i-D4YjOvzO-2qf7OGt62N9") -> https://drive.google.com/uc?export=view&id=12nwCh5RCg_i-D4YjOvzO-2qf7OGt62N9
A53: No.052 | B53: 高崗的黃色草叢 | C53: 黃草 ×4、高處 ×1 | D53: 長翅鷗、大嘴鷗 | E53: https://drive.google.com/file/d/1hLh6Fsmufcj7-aAQmd0pezJ3rmDh74Rl/view?usp=drive_link | F53: =IFERROR(__xludf.DUMMYFUNCTION("IF(E53="""", """", ""https://drive.google.com/uc?export=view&id="" & REGEXEXTRACT(E53, ""/d/(.*)/""))"),"https://drive.google.com/uc?export=view&id=1hLh6Fsmufcj7-aAQmd0pezJ3rmDh74Rl") -> https://drive.google.com/uc?export=view&id=1hLh6Fsmufcj7-aAQmd0pezJ3rmDh74Rl
A54: No.053 | B54: 濕潤的黃色草叢 | C54: 黃草 ×4、水 ×2 | D54: 露力麗、瑪力露、波加曼、波皇子 | E54: https://drive.google.com/file/d/1X5jpWCj3zcY826cvMXqdz6DnlrLz33hW/view?usp=drive_link | F54: =IFERROR(__xludf.DUMMYFUNCTION("IF(E54="""", """", ""https://drive.google.com/uc?export=view&id="" & REGEXEXTRACT(E54, ""/d/(.*)/""))"),"https://drive.google.com/uc?export=view&id=1X5jpWCj3zcY826cvMXqdz6DnlrLz33hW") -> https://drive.google.com/uc?export=view&id=1X5jpWCj3zcY826cvMXqdz6DnlrLz33hW
A55: No.054 | B55: 沼澤的草叢 | C55: 黃草 ×4 | D55: 帕底亞烏波(暗沉沉海邊)、土王 | E55: https://drive.google.com/file/d/1STxmdf-BcmA-jc34kq7YqZAcB8yd8Mxj/view?usp=drive_link | F55: =IFERROR(__xludf.DUMMYFUNCTION("IF(E55="""", """", ""https://drive.google.com/uc?export=view&id="" & REGEXEXTRACT(E55, ""/d/(.*)/""))"),"https://drive.google.com/uc?export=view&id=1STxmdf-BcmA-jc34kq7YqZAcB8yd8Mxj") -> https://drive.google.com/uc?export=view&id=1STxmdf-BcmA-jc34kq7YqZAcB8yd8Mxj
A56: No.055 | B56: 草叢的自動販賣機 | C56: 黃草 ×4 | D56: 咩利羊 | E56: https://drive.google.com/file/d/1uDyG7_w5c8ibRNdoQPEeJQHAhBg68z1s/view?usp=drive_link | F56: =IFERROR(__xludf.DUMMYFUNCTION("IF(E56="""", """", ""https://drive.google.com/uc?export=view&id="" & REGEXEXTRACT(E56, ""/d/(.*)/""))"),"https://drive.google.com/uc?export=view&id=1uDyG7_w5c8ibRNdoQPEeJQHAhBg68z1s") -> https://drive.google.com/uc?export=view&id=1uDyG7_w5c8ibRNdoQPEeJQHAhBg68z1s
A57: No.056 | B57: 涼爽的花田 | C57: 海邊之花 ×4 | D57: 布撥、索羅亞、索羅亞克 | E57: https://drive.google.com/file/d/1E0M2_J0iRdNPUDTqqgRvHLBrJuCE2pyM/view?usp=drive_link | F57: =IFERROR(__xludf.DUMMYFUNCTION("IF(E57="""", """", ""https://drive.google.com/uc?export=view&id="" & REGEXEXTRACT(E57, ""/d/(.*)/""))"),"https://drive.google.com/uc?export=view&id=1E0M2_J0iRdNPUDTqqgRvHLBrJuCE2pyM") -> https://drive.google.com/uc?export=view&id=1E0M2_J0iRdNPUDTqqgRvHLBrJuCE2pyM
A58: No.057 | B58: 南國氣氛 | C58: 大椰子樹 ×1、海邊之花 ×4 | D58: 椰蛋樹、臭臭花、蛋蛋 | E58: https://drive.google.com/file/d/1iojjChVEG5UUsgKO0spUAFgFi5I3HFyJ/view?usp=drive_link | F58: =IFERROR(__xludf.DUMMYFUNCTION("IF(E58="""", """", ""https://drive.google.com/uc?export=view&id="" & REGEXEXTRACT(E58, ""/d/(.*)/""))"),"https://drive.google.com/uc?export=view&id=1iojjChVEG5UUsgKO0spUAFgFi5I3HFyJ") -> https://drive.google.com/uc?export=view&id=1iojjChVEG5UUsgKO0spUAFgFi5I3HFyJ
A59: No.058 | B59: 風之花田 | C59: 海邊之花 ×4 | D59: 長翅鷗、大嘴鷗 | E59: https://drive.google.com/file/d/19nBuD_j1nyWqEMKloMignQPW-Aty4rSx/view?usp=drive_link | F59: =IFERROR(__xludf.DUMMYFUNCTION("IF(E59="""", """", ""https://drive.google.com/uc?export=view&id="" & REGEXEXTRACT(E59, ""/d/(.*)/""))"),"https://drive.google.com/uc?export=view&id=19nBuD_j1nyWqEMKloMignQPW-Aty4rSx") -> https://drive.google.com/uc?export=view&id=19nBuD_j1nyWqEMKloMignQPW-Aty4rSx
A60: No.059 | B60: 沙灘的樹蔭 | C60: 大椰子樹 ×1、海灘椅 ×1 | D60: 蛋蛋 | E60: https://drive.google.com/file/d/1K-x6U1R5TwcfGZmJpT4Jfq0TwSitK0yW/view?usp=drive_link | F60: =IFERROR(__xludf.DUMMYFUNCTION("IF(E60="""", """", ""https://drive.google.com/uc?export=view&id="" & REGEXEXTRACT(E60, ""/d/(.*)/""))"),"https://drive.google.com/uc?export=view&id=1K-x6U1R5TwcfGZmJpT4Jfq0TwSitK0yW") -> https://drive.google.com/uc?export=view&id=1K-x6U1R5TwcfGZmJpT4Jfq0TwSitK0yW
A61: No.060 | B61: 熱帶海岸邊 | C61: 大椰子樹 ×1、樹籬 ×4、海水 ×2 | D61: 拉普拉斯 | E61: https://drive.google.com/file/d/1bsdgIww8ksCeP9rs6Mth5mgemyYdAYXm/view?usp=drive_link | F61: =IFERROR(__xludf.DUMMYFUNCTION("IF(E61="""", """", ""https://drive.google.com/uc?export=view&id="" & REGEXEXTRACT(E61, ""/d/(.*)/""))"),"https://drive.google.com/uc?export=view&id=1bsdgIww8ksCeP9rs6Mth5mgemyYdAYXm") -> https://drive.google.com/uc?export=view&id=1bsdgIww8ksCeP9rs6Mth5mgemyYdAYXm
A62: No.061 | B62: 休息好地方 | C62: 紙箱 ×1、乾草床 ×1 | D62: 喵喵 | E62: https://drive.google.com/file/d/12YlUaw2FaG0CyfaTVfyTthzhF3bHII_M/view?usp=drive_link | F62: =IFERROR(__xludf.DUMMYFUNCTION("IF(E62="""", """", ""https://drive.google.com/uc?export=view&id="" & REGEXEXTRACT(E62, ""/d/(.*)/""))"),"https://drive.google.com/uc?export=view&id=12YlUaw2FaG0CyfaTVfyTthzhF3bHII_M") -> https://drive.google.com/uc?export=view&id=12YlUaw2FaG0CyfaTVfyTthzhF3bHII_M
A63: No.062 | B63: 來收拾吧 | C63: 紙箱 ×1、玩具(任意) ×2 | D63: 卡蒂狗 | E63: https://drive.google.com/file/d/1IoVi4K6ovzGGn1A_TvkaQis5yKpuxR3g/view?usp=drive_link | F63: =IFERROR(__xludf.DUMMYFUNCTION("IF(E63="""", """", ""https://drive.google.com/uc?export=view&id="" & REGEXEXTRACT(E63, ""/d/(.*)/""))"),"https://drive.google.com/uc?export=view&id=1IoVi4K6ovzGGn1A_TvkaQis5yKpuxR3g") -> https://drive.google.com/uc?export=view&id=1IoVi4K6ovzGGn1A_TvkaQis5yKpuxR3g
A64: No.063 | B64: 垃圾集中站 | C64: 垃圾桶 ×1、告示牌 ×1、垃圾袋 ×1 | D64: 破破袋、瓦斯彈（空空鎮)、雙彈瓦斯（空空鎮)、灰塵山 | E64: https://drive.google.com/file/d/1jjhhd0j0QZWGdnQkI9QReb_VY6I5aLfR/view?usp=drive_link | F64: =IFERROR(__xludf.DUMMYFUNCTION("IF(E64="""", """", ""https://drive.google.com/uc?export=view&id="" & REGEXEXTRACT(E64, ""/d/(.*)/""))"),"https://drive.google.com/uc?export=view&id=1jjhhd0j0QZWGdnQkI9QReb_VY6I5aLfR") -> https://drive.google.com/uc?export=view&id=1jjhhd0j0QZWGdnQkI9QReb_VY6I5aLfR
A65: No.064 | B65: 垃圾桶擺好擺滿 | C65: 垃圾桶 ×4 | D65: 三合一磁怪、電擊獸 | E65: https://drive.google.com/file/d/1Xa5IswDjpgsxb-XLZoZTCWGBBHljN2vr/view?usp=drive_link | F65: =IFERROR(__xludf.DUMMYFUNCTION("IF(E65="""", """", ""https://drive.google.com/uc?export=view&id="" & REGEXEXTRACT(E65, ""/d/(.*)/""))"),"https://drive.google.com/uc?export=view&id=1Xa5IswDjpgsxb-XLZoZTCWGBBHljN2vr") -> https://drive.google.com/uc?export=view&id=1Xa5IswDjpgsxb-XLZoZTCWGBBHljN2vr
A66: No.065 | B66: 垃圾場 | C66: 垃圾袋 ×1 | D66: 叉字蝠 | E66: https://drive.google.com/file/d/1wjqAc6GQscy8Hn66S8-JtndnvqelwMsb/view?usp=drive_link | F66: =IFERROR(__xludf.DUMMYFUNCTION("IF(E66="""", """", ""https://drive.google.com/uc?export=view&id="" & REGEXEXTRACT(E66, ""/d/(.*)/""))"),"https://drive.google.com/uc?export=view&id=1wjqAc6GQscy8Hn66S8-JtndnvqelwMsb") -> https://drive.google.com/uc?export=view&id=1wjqAc6GQscy8Hn66S8-JtndnvqelwMsb
A67: No.066 | B67: 公園的長椅 | C67: 椅子(長條) ×1、垃圾桶 ×1 | D67: 霹靂電球 | E67: https://drive.google.com/file/d/1MppskLBHgfOYqsgnRZAoYuNvxFMNuPPY/view?usp=drive_link | F67: =IFERROR(__xludf.DUMMYFUNCTION("IF(E67="""", """", ""https://drive.google.com/uc?export=view&id="" & REGEXEXTRACT(E67, ""/d/(.*)/""))"),"https://drive.google.com/uc?export=view&id=1MppskLBHgfOYqsgnRZAoYuNvxFMNuPPY") -> https://drive.google.com/uc?export=view&id=1MppskLBHgfOYqsgnRZAoYuNvxFMNuPPY
A68: No.067 | B68: 餓肚肚餐廳 | C68: 椅子 ×1、菜單板 ×1、桌子 ×1、盤子食物 ×1 | D68: 布撥、布土撥 | E68: https://drive.google.com/file/d/113CXhZMNDxIUsiDpLoyu_HUh_oRWFDoX/view?usp=drive_link | F68: =IFERROR(__xludf.DUMMYFUNCTION("IF(E68="""", """", ""https://drive.google.com/uc?export=view&id="" & REGEXEXTRACT(E68, ""/d/(.*)/""))"),"https://drive.google.com/uc?export=view&id=113CXhZMNDxIUsiDpLoyu_HUh_oRWFDoX") -> https://drive.google.com/uc?export=view&id=113CXhZMNDxIUsiDpLoyu_HUh_oRWFDoX
A69: No.068 | B69: 雅緻餐廳 | C69: 盤中食物 ×1、單枝花瓶 ×1、推車 ×1、雅緻桌椅 | D69: 帝王拿波（★★） | E69: https://drive.google.com/file/d/18S7ZAuxq-oZUMAXJ6cgbqFr7JRwjuhhf/view?usp=drive_link | F69: =IFERROR(__xludf.DUMMYFUNCTION("IF(E69="""", """", ""https://drive.google.com/uc?export=view&id="" & REGEXEXTRACT(E69, ""/d/(.*)/""))"),"https://drive.google.com/uc?export=view&id=18S7ZAuxq-oZUMAXJ6cgbqFr7JRwjuhhf") -> https://drive.google.com/uc?export=view&id=18S7ZAuxq-oZUMAXJ6cgbqFr7JRwjuhhf
A70: No.069 | B70: 咕咕啾啾大餐 | C70: 木製鳥巢箱 ×1、桌子 ×1、盤子上的食物 ×1 | D70: 火雉雞、火焰雞 | E70: https://drive.google.com/file/d/19GWfDhUNC9shoeGXxyxMP3odHvfkD4Mi/view?usp=drive_link | F70: =IFERROR(__xludf.DUMMYFUNCTION("IF(E70="""", """", ""https://drive.google.com/uc?export=view&id="" & REGEXEXTRACT(E70, ""/d/(.*)/""))"),"https://drive.google.com/uc?export=view&id=19GWfDhUNC9shoeGXxyxMP3odHvfkD4Mi") -> https://drive.google.com/uc?export=view&id=19GWfDhUNC9shoeGXxyxMP3odHvfkD4Mi
A71: No.070 | B71: 咖啡空間 | C71: 椅子 ×2、馬克杯 ×1、菜單板 ×1 | D71: 布土撥、巴布土撥 | E71: https://drive.google.com/file/d/1R3ROkqoN9TPR29Mr8qY1qHD6BYQzDjG1/view?usp=drive_link | F71: =IFERROR(__xludf.DUMMYFUNCTION("IF(E71="""", """", ""https://drive.google.com/uc?export=view&id="" & REGEXEXTRACT(E71, ""/d/(.*)/""))"),"https://drive.google.com/uc?export=view&id=1R3ROkqoN9TPR29Mr8qY1qHD6BYQzDjG1") -> https://drive.google.com/uc?export=view&id=1R3ROkqoN9TPR29Mr8qY1qHD6BYQzDjG1
A72: No.071 | B72: 海灘套組 | C72: 海灘椅 ×1、海灘傘 ×1 | D72: 米立龍 | E72: https://drive.google.com/file/d/1t-1nGGh81x1fwCPDKM2Og-LRJjxtiqLH/view?usp=drive_link | F72: =IFERROR(__xludf.DUMMYFUNCTION("IF(E72="""", """", ""https://drive.google.com/uc?export=view&id="" & REGEXEXTRACT(E72, ""/d/(.*)/""))"),"https://drive.google.com/uc?export=view&id=1t-1nGGh81x1fwCPDKM2Og-LRJjxtiqLH") -> https://drive.google.com/uc?export=view&id=1t-1nGGh81x1fwCPDKM2Og-LRJjxtiqLH
A73: No.072 | B73: 燈光舞台 | C73: 聚光燈 ×2、舞台 ×1 | D73: 電擊獸（★）、電擊魔獸（★★） | E73: https://drive.google.com/file/d/1lsc6oZZ-s2G4aNSGW0AEvD4ltw2BzY7v/view?usp=drive_link | F73: =IFERROR(__xludf.DUMMYFUNCTION("IF(E73="""", """", ""https://drive.google.com/uc?export=view&id="" & REGEXEXTRACT(E73, ""/d/(.*)/""))"),"https://drive.google.com/uc?export=view&id=1lsc6oZZ-s2G4aNSGW0AEvD4ltw2BzY7v") -> https://drive.google.com/uc?export=view&id=1lsc6oZZ-s2G4aNSGW0AEvD4ltw2BzY7v
A74: No.073 | B74: 小心機關 | C74: 氣球 ×2、驚嚇箱 ×1 | D74: 索羅亞克、耿鬼、鬼斯通 | E74: https://drive.google.com/file/d/1ai78REM-eemzyYinMbxnh5WPEx6TQ00f/view?usp=drive_link | F74: =IFERROR(__xludf.DUMMYFUNCTION("IF(E74="""", """", ""https://drive.google.com/uc?export=view&id="" & REGEXEXTRACT(E74, ""/d/(.*)/""))"),"https://drive.google.com/uc?export=view&id=1ai78REM-eemzyYinMbxnh5WPEx6TQ00f") -> https://drive.google.com/uc?export=view&id=1ai78REM-eemzyYinMbxnh5WPEx6TQ00f
A75: No.074 | B75: 夜晚的慶典會場 | C75: 氣球 ×2、雷丘告示牌 ×1 | D75: 茸茸羊 | E75: https://drive.google.com/file/d/1x2Cz9BCtYa160-D1uF813mibNMFzR7_h/view?usp=drive_link | F75: =IFERROR(__xludf.DUMMYFUNCTION("IF(E75="""", """", ""https://drive.google.com/uc?export=view&id="" & REGEXEXTRACT(E75, ""/d/(.*)/""))"),"https://drive.google.com/uc?export=view&id=1x2Cz9BCtYa160-D1uF813mibNMFzR7_h") -> https://drive.google.com/uc?export=view&id=1x2Cz9BCtYa160-D1uF813mibNMFzR7_h
A76: No.075 | B76: 更衣區 | C76: 衣櫥 ×1、鏡子(大型) ×1 | D76: 泡沫栗鼠 | E76: https://drive.google.com/file/d/1iJdQ1uVu53wGBbQktIDGXuLaeA1qXGOI/view?usp=drive_link | F76: =IFERROR(__xludf.DUMMYFUNCTION("IF(E76="""", """", ""https://drive.google.com/uc?export=view&id="" & REGEXEXTRACT(E76, ""/d/(.*)/""))"),"https://drive.google.com/uc?export=view&id=1iJdQ1uVu53wGBbQktIDGXuLaeA1qXGOI") -> https://drive.google.com/uc?export=view&id=1iJdQ1uVu53wGBbQktIDGXuLaeA1qXGOI
A77: No.076 | B77: 更衣中別偷看 | C77: 隔板 ×2、衣櫃 ×1、梳妝台 ×1 | D77: 泡沫栗鼠（★）、奇諾栗鼠（★★） | E77: https://drive.google.com/file/d/1Fz5zba3oQByrvzmMqakxEk54294MmoDS/view?usp=drive_link | F77: =IFERROR(__xludf.DUMMYFUNCTION("IF(E77="""", """", ""https://drive.google.com/uc?export=view&id="" & REGEXEXTRACT(E77, ""/d/(.*)/""))"),"https://drive.google.com/uc?export=view&id=1Fz5zba3oQByrvzmMqakxEk54294MmoDS") -> https://drive.google.com/uc?export=view&id=1Fz5zba3oQByrvzmMqakxEk54294MmoDS
A78: No.077 | B78: 用毛線來織東西吧 | C78: 椅子 ×1、桌子 ×1、編織套組 ×1 | D78: 咩利羊、茸茸羊 | E78: https://drive.google.com/file/d/1GThbROnRLNEAD7UCThDRkdiXn8BcwFzj/view?usp=drive_link | F78: =IFERROR(__xludf.DUMMYFUNCTION("IF(E78="""", """", ""https://drive.google.com/uc?export=view&id="" & REGEXEXTRACT(E78, ""/d/(.*)/""))"),"https://drive.google.com/uc?export=view&id=1GThbROnRLNEAD7UCThDRkdiXn8BcwFzj") -> https://drive.google.com/uc?export=view&id=1GThbROnRLNEAD7UCThDRkdiXn8BcwFzj
A79: No.078 | B79: 溫泉沖洗區 | C79: 椅子 ×1 | D79: 可達鴨、哥達鴨 | E79: https://drive.google.com/file/d/1jqgmWru-hr0owVFVhi_xVlq39y-k-WoX/view?usp=drive_link | F79: =IFERROR(__xludf.DUMMYFUNCTION("IF(E79="""", """", ""https://drive.google.com/uc?export=view&id="" & REGEXEXTRACT(E79, ""/d/(.*)/""))"),"https://drive.google.com/uc?export=view&id=1jqgmWru-hr0owVFVhi_xVlq39y-k-WoX") -> https://drive.google.com/uc?export=view&id=1jqgmWru-hr0owVFVhi_xVlq39y-k-WoX
A80: No.079 | B80: 度假區的備餐時刻 | C80: 椰子樹 ×1、椅子 ×1、盤子食物 ×1、營火 ×1 | D80: 火雉雞、卡蒂狗 | E80: https://drive.google.com/file/d/1HAJO4vktr3MTOddQq4RvdbeRhEC966jY/view?usp=drive_link | F80: =IFERROR(__xludf.DUMMYFUNCTION("IF(E80="""", """", ""https://drive.google.com/uc?export=view&id="" & REGEXEXTRACT(E80, ""/d/(.*)/""))"),"https://drive.google.com/uc?export=view&id=1HAJO4vktr3MTOddQq4RvdbeRhEC966jY") -> https://drive.google.com/uc?export=view&id=1HAJO4vktr3MTOddQq4RvdbeRhEC966jY
A81: No.080 | B81: 打包好囉 | C81: 手推車 ×1、紙箱 ×2 | D81: 幕下力士、大蔥鴨 | E81: https://drive.google.com/file/d/1VQ4EzJlJCol4GUelGFZ7xJdryVIxifzP/view?usp=drive_link | F81: =IFERROR(__xludf.DUMMYFUNCTION("IF(E81="""", """", ""https://drive.google.com/uc?export=view&id="" & REGEXEXTRACT(E81, ""/d/(.*)/""))"),"https://drive.google.com/uc?export=view&id=1VQ4EzJlJCol4GUelGFZ7xJdryVIxifzP") -> https://drive.google.com/uc?export=view&id=1VQ4EzJlJCol4GUelGFZ7xJdryVIxifzP
A82: No.081 | B82: 痊癒前好好休息 | C82: 床鋪 ×1、急救箱 ×1、自然風櫃子 ×1 | D82: 淺淺丘（★★）、吉利蛋（★） | E82: https://drive.google.com/file/d/1LTyDHt1oOpWhy_2JPujWZv9E1-gp0SvM/view?usp=drive_link | F82: =IFERROR(__xludf.DUMMYFUNCTION("IF(E82="""", """", ""https://drive.google.com/uc?export=view&id="" & REGEXEXTRACT(E82, ""/d/(.*)/""))"),"https://drive.google.com/uc?export=view&id=1LTyDHt1oOpWhy_2JPujWZv9E1-gp0SvM") -> https://drive.google.com/uc?export=view&id=1LTyDHt1oOpWhy_2JPujWZv9E1-gp0SvM
A83: No.082 | B83: 鬧鐘床鋪空間 | C83: 床鋪 ×1、桌子 ×1 | D83: 小福蛋 | E83: https://drive.google.com/file/d/1VshsAesA_bH6aeJkHOwd40kBXj7AoVgq/view?usp=drive_link | F83: =IFERROR(__xludf.DUMMYFUNCTION("IF(E83="""", """", ""https://drive.google.com/uc?export=view&id="" & REGEXEXTRACT(E83, ""/d/(.*)/""))"),"https://drive.google.com/uc?export=view&id=1VshsAesA_bH6aeJkHOwd40kBXj7AoVgq") -> https://drive.google.com/uc?export=view&id=1VshsAesA_bH6aeJkHOwd40kBXj7AoVgq
A84: No.083 | B84: 自動販賣機旁偷個閒 | C84: 椅子(長條) ×1 | D84: 強顎雞母蟲、蟲電寶 | E84: https://drive.google.com/file/d/1fnhhAhblqFuJ3cwEEez6dxk6rF_7K7yq/view?usp=drive_link | F84: =IFERROR(__xludf.DUMMYFUNCTION("IF(E84="""", """", ""https://drive.google.com/uc?export=view&id="" & REGEXEXTRACT(E84, ""/d/(.*)/""))"),"https://drive.google.com/uc?export=view&id=1fnhhAhblqFuJ3cwEEez6dxk6rF_7K7yq") -> https://drive.google.com/uc?export=view&id=1fnhhAhblqFuJ3cwEEez6dxk6rF_7K7yq
A85: No.084 | B85: 自動販賣機套組 | C85: 垃圾桶 ×1 | D85: 電擊怪 | E85: https://drive.google.com/file/d/1FGQgbJcMjOZdDHGKQh4nRfbDiIJgNkDB/view?usp=drive_link | F85: =IFERROR(__xludf.DUMMYFUNCTION("IF(E85="""", """", ""https://drive.google.com/uc?export=view&id="" & REGEXEXTRACT(E85, ""/d/(.*)/""))"),"https://drive.google.com/uc?export=view&id=1FGQgbJcMjOZdDHGKQh4nRfbDiIJgNkDB") -> https://drive.google.com/uc?export=view&id=1FGQgbJcMjOZdDHGKQh4nRfbDiIJgNkDB
A86: No.085 | B86: 迷你遊戲城 | C86: 椅子 ×1、遊戲街機 ×1、打擊測力機 ×1 | D86: 三合一磁怪（★）、自爆磁怪（★★） | E86: https://drive.google.com/file/d/1C9f8Bm5PsnCpAB9x9HVOzKEjRXO7pfJ8/view?usp=drive_link | F86: =IFERROR(__xludf.DUMMYFUNCTION("IF(E86="""", """", ""https://drive.google.com/uc?export=view&id="" & REGEXEXTRACT(E86, ""/d/(.*)/""))"),"https://drive.google.com/uc?export=view&id=1C9f8Bm5PsnCpAB9x9HVOzKEjRXO7pfJ8") -> https://drive.google.com/uc?export=view&id=1C9f8Bm5PsnCpAB9x9HVOzKEjRXO7pfJ8
A87: No.086 | B87: 水力發電廠 | C87: 水 ×2、瀑布 ×1 | D87: 波皇子 | E87: https://drive.google.com/file/d/1Ik0ilv4oKYCPinSO8Gf-shw-RzxIq9Yr/view?usp=drive_link | F87: =IFERROR(__xludf.DUMMYFUNCTION("IF(E87="""", """", ""https://drive.google.com/uc?export=view&id="" & REGEXEXTRACT(E87, ""/d/(.*)/""))"),"https://drive.google.com/uc?export=view&id=1Ik0ilv4oKYCPinSO8Gf-shw-RzxIq9Yr") -> https://drive.google.com/uc?export=view&id=1Ik0ilv4oKYCPinSO8Gf-shw-RzxIq9Yr
A88: No.087 | B88: 火力發電廠 | C88: 金屬桶 x1、火力發電機 x1 | D88: 力壯雞、火焰雞 | E88: https://drive.google.com/file/d/1cw4nIwPDdLHnyjDMQHqQN4OZuUXsFh2H/view?usp=drive_link | F88: =IFERROR(__xludf.DUMMYFUNCTION("IF(E88="""", """", ""https://drive.google.com/uc?export=view&id="" & REGEXEXTRACT(E88, ""/d/(.*)/""))"),"https://drive.google.com/uc?export=view&id=1cw4nIwPDdLHnyjDMQHqQN4OZuUXsFh2H") -> https://drive.google.com/uc?export=view&id=1cw4nIwPDdLHnyjDMQHqQN4OZuUXsFh2H
A89: No.088 | B89: 碼頭 | C89: 棧橋 ×4、路燈 ×1、海水 ×2 | D89: 瑪力露、瑪力露麗 | E89: https://drive.google.com/file/d/1zB4edv_gXaqsT4x8NDqCQpYkw2CJSAMt/view?usp=drive_link | F89: =IFERROR(__xludf.DUMMYFUNCTION("IF(E89="""", """", ""https://drive.google.com/uc?export=view&id="" & REGEXEXTRACT(E89, ""/d/(.*)/""))"),"https://drive.google.com/uc?export=view&id=1zB4edv_gXaqsT4x8NDqCQpYkw2CJSAMt") -> https://drive.google.com/uc?export=view&id=1zB4edv_gXaqsT4x8NDqCQpYkw2CJSAMt
A90: No.089 | B90: 詭異書房 | C90: 書架 ×1、自然風桌子 ×1、雅緻沙發 ×1、細蠟燭 ×1 | D90: 鬼斯（★）、鬼斯通（★★） | E90: https://drive.google.com/file/d/193JslbARFcl0XwM03w1lK0v9eB04Zyvh/view?usp=drive_link | F90: =IFERROR(__xludf.DUMMYFUNCTION("IF(E90="""", """", ""https://drive.google.com/uc?export=view&id="" & REGEXEXTRACT(E90, ""/d/(.*)/""))"),"https://drive.google.com/uc?export=view&id=193JslbARFcl0XwM03w1lK0v9eB04Zyvh") -> https://drive.google.com/uc?export=view&id=193JslbARFcl0XwM03w1lK0v9eB04Zyvh
A91: No.090 | B91: 水手家家酒 | C91: 木桶 ×2、發射筒 ×2、舵輪 ×1 | D91: 霹靂電球（★）、頑皮雷彈（★） | E91: https://drive.google.com/file/d/1O1SrpWkapHoT-mG-ktdb0t-3fMnNt5TV/view?usp=drive_link | F91: =IFERROR(__xludf.DUMMYFUNCTION("IF(E91="""", """", ""https://drive.google.com/uc?export=view&id="" & REGEXEXTRACT(E91, ""/d/(.*)/""))"),"https://drive.google.com/uc?export=view&id=1O1SrpWkapHoT-mG-ktdb0t-3fMnNt5TV") -> https://drive.google.com/uc?export=view&id=1O1SrpWkapHoT-mG-ktdb0t-3fMnNt5TV
A92: No.091 | B92: 到收銀檯結帳 | C92: 桌子 ×2 | D92: 喵喵、小福蛋、差不多娃娃、大嘴娃（空空鎮) | E92: https://drive.google.com/file/d/1EnZB5poU8a1wIv5NwVGoo89Bsa1HnntY/view?usp=drive_link | F92: =IFERROR(__xludf.DUMMYFUNCTION("IF(E92="""", """", ""https://drive.google.com/uc?export=view&id="" & REGEXEXTRACT(E92, ""/d/(.*)/""))"),"https://drive.google.com/uc?export=view&id=1EnZB5poU8a1wIv5NwVGoo89Bsa1HnntY") -> https://drive.google.com/uc?export=view&id=1EnZB5poU8a1wIv5NwVGoo89Bsa1HnntY
A93: No.092 | B93: 小小畫室 | C93: 椅子 ×1、畫布 ×1 | D93: 圖圖犬(彩繪)（★） | E93: https://drive.google.com/file/d/1fw7PAjSn-T8rZdkousKFZUZ0h6vjk8Br/view?usp=drive_link | F93: =IFERROR(__xludf.DUMMYFUNCTION("IF(E93="""", """", ""https://drive.google.com/uc?export=view&id="" & REGEXEXTRACT(E93, ""/d/(.*)/""))"),"https://drive.google.com/uc?export=view&id=1fw7PAjSn-T8rZdkousKFZUZ0h6vjk8Br") -> https://drive.google.com/uc?export=view&id=1fw7PAjSn-T8rZdkousKFZUZ0h6vjk8Br
A94: No.093 | B94: 供奉美食 | C94: (特殊組合) | D94: 苔卡比獸 | E94: https://drive.google.com/file/d/13mJNxfsg7aWfeSgzLTH6n5EAsdoCwtBK/view?usp=drive_link | F94: =IFERROR(__xludf.DUMMYFUNCTION("IF(E94="""", """", ""https://drive.google.com/uc?export=view&id="" & REGEXEXTRACT(E94, ""/d/(.*)/""))"),"https://drive.google.com/uc?export=view&id=13mJNxfsg7aWfeSgzLTH6n5EAsdoCwtBK") -> https://drive.google.com/uc?export=view&id=13mJNxfsg7aWfeSgzLTH6n5EAsdoCwtBK
A95: No.094 | B95: 皮卡丘空間 | C95: 皮卡丘沙發 ×1、皮卡丘布偶 ×1 | D95: 謎擬Ｑ | E95: https://drive.google.com/file/d/1o3Ed9-K_1SCfG8JtK5rVF9pKfS5ulK_9/view?usp=drive_link | F95: =IFERROR(__xludf.DUMMYFUNCTION("IF(E95="""", """", ""https://drive.google.com/uc?export=view&id="" & REGEXEXTRACT(E95, ""/d/(.*)/""))"),"https://drive.google.com/uc?export=view&id=1o3Ed9-K_1SCfG8JtK5rVF9pKfS5ulK_9") -> https://drive.google.com/uc?export=view&id=1o3Ed9-K_1SCfG8JtK5rVF9pKfS5ulK_9
A96: No.095 | B96: 超可愛空間 | C96: 可愛梳妝台/床鋪/檯燈/桌子/沙發 各1 | D96: 幸福蛋（★） | E96: https://drive.google.com/file/d/1zJXrHqinjWSEcvOf8zNYhXvFFGC49Tbg/view?usp=drive_link | F96: =IFERROR(__xludf.DUMMYFUNCTION("IF(E96="""", """", ""https://drive.google.com/uc?export=view&id="" & REGEXEXTRACT(E96, ""/d/(.*)/""))"),"https://drive.google.com/uc?export=view&id=1zJXrHqinjWSEcvOf8zNYhXvFFGC49Tbg") -> https://drive.google.com/uc?export=view&id=1zJXrHqinjWSEcvOf8zNYhXvFFGC49Tbg
A97: No.096 | B97: 歡迎光臨度假村 | C97: 度假村燈飾 ×1 | D97: 阿勃梭魯 | E97: https://drive.google.com/file/d/1SykO3UOgIy_yHnUWErzxMIF6pkqz2nDo/view?usp=drive_link | F97: =IFERROR(__xludf.DUMMYFUNCTION("IF(E97="""", """", ""https://drive.google.com/uc?export=view&id="" & REGEXEXTRACT(E97, ""/d/(.*)/""))"),"https://drive.google.com/uc?export=view&id=1SykO3UOgIy_yHnUWErzxMIF6pkqz2nDo") -> https://drive.google.com/uc?export=view&id=1SykO3UOgIy_yHnUWErzxMIF6pkqz2nDo
A98: No.097 | B98: 自然風格的生活 | C98: 自然風桌子/床鋪/檯燈/沙發 各1 | D98: 電龍（★★） | E98: https://drive.google.com/file/d/108mRn_DjQym2jkd_qHJW1RqFFs_b6tK4/view?usp=drive_link | F98: =IFERROR(__xludf.DUMMYFUNCTION("IF(E98="""", """", ""https://drive.google.com/uc?export=view&id="" & REGEXEXTRACT(E98, ""/d/(.*)/""))"),"https://drive.google.com/uc?export=view&id=108mRn_DjQym2jkd_qHJW1RqFFs_b6tK4") -> https://drive.google.com/uc?export=view&id=108mRn_DjQym2jkd_qHJW1RqFFs_b6tK4
A99: No.098 | B99: 紅色的草叢 | C99: 紅草 ×4 | D99: 炎兔兒、利歐路、圓法師、閃焰王牌 | E99: https://drive.google.com/file/d/1gkKfwUJbsXBK3_mp3LCn59gMzC4Dj8tB/view?usp=drive_link | F99: =IFERROR(__xludf.DUMMYFUNCTION("IF(E99="""", """", ""https://drive.google.com/uc?export=view&id="" & REGEXEXTRACT(E99, ""/d/(.*)/""))"),"https://drive.google.com/uc?export=view&id=1gkKfwUJbsXBK3_mp3LCn59gMzC4Dj8tB") -> https://drive.google.com/uc?export=view&id=1gkKfwUJbsXBK3_mp3LCn59gMzC4Dj8tB
A100: No.099 | B100: 樹蔭的紅色草叢 | C100: 大樹 ×1、紅草 ×4 | D100: 地鼠、盆才怪、三地鼠、樹才怪 | E100: https://drive.google.com/file/d/1k3noqaRRNiEJzbucYArWXveYmcbr9827/view?usp=drive_link | F100: =IFERROR(__xludf.DUMMYFUNCTION("IF(E100="""", """", ""https://drive.google.com/uc?export=view&id="" & REGEXEXTRACT(E100, ""/d/(.*)/""))"),"https://drive.google.com/uc?export=view&id=1k3noqaRRNiEJzbucYArWXveYmcbr9827") -> https://drive.google.com/uc?export=view&id=1k3noqaRRNiEJzbucYArWXveYmcbr9827
...

Sheet 寶可夢喜好表
A1: 編號 | B1: 寶可夢名稱 | C1: 專長 | D1: 掉落物 | E1: 喜歡的環境 | F1: 喜歡的事物 (標籤) | G1: 喜歡的口味 (範例) | H1: 棲息地1 / 道具) | I1: I 欄 (場景1 出現名單) | J1: 棲息地2 / 道具) | K1: K 欄 (場景2 出現名單) | L1: 棲息地3 / 道具) | M1: M 欄 (場景3 出現名單) | N1: 第 1 欄 | O1: 第 2 欄 | P1: 第 3 欄 | Q1: 第 4 欄 | R1: 第 5 欄 | S1: 第 6 欄 | T1: 第 7 欄 | U1: 第 8 欄 | V1: 第 9 欄 | W1: 第 10 欄 | X1: 第 11 欄 | Y1: 第 12 欄 | Z1: 第 13 欄
A2: 001 | B2: 妙蛙種子 | C2: 栽培 | E2: 明亮 | F2: 感受自然、柔軟、可愛、感受水、大家一起用 | G2: 甜 (桃桃果) | H2: =IFERROR(__xludf.DUMMYFUNCTION("IFERROR(INDEX(FILTER('棲息地'!$B$2:$B995 & "" / "" & '棲息地'!$C$2:$C995, ISNUMBER(SEARCH($B2, '棲息地'!$D$2:$D995))), 1), """")"),"綠色的草叢 / 綠草 ×4") -> 綠色的草叢 / 綠草 ×4 | I2: =IFERROR(__xludf.DUMMYFUNCTION("IFERROR(INDEX(FILTER('棲息地'!$D$2:$D995, ISNUMBER(SEARCH($B2, '棲息地'!$D$2:$D995))), 1), """")"),"妙蛙種子、小火龍、噴火龍、傑尼龜、走路草、小拳石（空空鎮)") -> 妙蛙種子、小火龍、噴火龍、傑尼龜、走路草、小拳石（空空鎮) | J2: =IFERROR(__xludf.DUMMYFUNCTION("IFERROR(INDEX(FILTER('棲息地'!$B$2:$B995 & "" / "" & '棲息地'!$C$2:$C995, ISNUMBER(SEARCH($B2, '棲息地'!$D$2:$D995))), 2), """")"),"綠色的長椅 / 樹籬(任意) ×2、椅子(長條) ×1") -> 綠色的長椅 / 樹籬(任意) ×2、椅子(長條) ×1 | K2: =IFERROR(__xludf.DUMMYFUNCTION("IFERROR(INDEX(FILTER('棲息地'!$D$2:$D995, ISNUMBER(SEARCH($B2, '棲息地'!$D$2:$D995))), 2), """")"),"妙蛙種子、妙蛙草、巨蔓藤(需連線去對方的島)") -> 妙蛙種子、妙蛙草、巨蔓藤(需連線去對方的島) | L2: =IFERROR(__xludf.DUMMYFUNCTION("IFERROR(INDEX(FILTER('棲息地'!$D$2:$D995, ISNUMBER(SEARCH($B2, '棲息地'!$D$2:$D995))), 3), """")"),"")
A3: 002 | B3: 妙蛙草 | C3: 栽培 | E3: 明亮 | F3: 感受自然、柔軟、可愛、花朵盛開、五彩繽紛 | G3: 酸 (番茄) | H3: =IFERROR(__xludf.DUMMYFUNCTION("IFERROR(INDEX(FILTER('棲息地'!$B$2:$B995 & "" / "" & '棲息地'!$C$2:$C995, ISNUMBER(SEARCH($B3, '棲息地'!$D$2:$D995))), 1), """")"),"整片的花海 / 原野之花 ×8") -> 整片的花海 / 原野之花 ×8 | I3: =IFERROR(__xludf.DUMMYFUNCTION("IFERROR(INDEX(FILTER('棲息地'!$D$2:$D995, ISNUMBER(SEARCH($B3, '棲息地'!$D$2:$D995))), 1), """")"),"妙蛙草、妙蛙花、蜂女王") -> 妙蛙草、妙蛙花、蜂女王 | J3: =IFERROR(__xludf.DUMMYFUNCTION("IFERROR(INDEX(FILTER('棲息地'!$B$2:$B995 & "" / "" & '棲息地'!$C$2:$C995, ISNUMBER(SEARCH($B3, '棲息地'!$D$2:$D995))), 2), """")"),"綠色的長椅 / 樹籬(任意) ×2、椅子(長條) ×1") -> 綠色的長椅 / 樹籬(任意) ×2、椅子(長條) ×1 | K3: =IFERROR(__xludf.DUMMYFUNCTION("IFERROR(INDEX(FILTER('棲息地'!$D$2:$D995, ISNUMBER(SEARCH($B3, '棲息地'!$D$2:$D995))), 2), """")"),"妙蛙種子、妙蛙草、巨蔓藤(需連線去對方的島)") -> 妙蛙種子、妙蛙草、巨蔓藤(需連線去對方的島) | L3: =IFERROR(__xludf.DUMMYFUNCTION("IFERROR(INDEX(FILTER('棲息地'!$D$2:$D995, ISNUMBER(SEARCH($B3, '棲息地'!$D$2:$D995))), 3), """")"),"")
A4: 003 | B4: 妙蛙花 | C4: 栽培、亂撒 | D4: 葉子 | E4: 明亮 | F4: 感受自然、柔軟、可愛、花朵盛開、華麗 | G4: 酸 (番茄) | H4: =IFERROR(__xludf.DUMMYFUNCTION("IFERROR(INDEX(FILTER('棲息地'!$B$2:$B995 & "" / "" & '棲息地'!$C$2:$C995, ISNUMBER(SEARCH($B4, '棲息地'!$D$2:$D995))), 1), """")"),"整片的花海 / 原野之花 ×8") -> 整片的花海 / 原野之花 ×8 | I4: =IFERROR(__xludf.DUMMYFUNCTION("IFERROR(INDEX(FILTER('棲息地'!$D$2:$D995, ISNUMBER(SEARCH($B4, '棲息地'!$D$2:$D995))), 1), """")"),"妙蛙草、妙蛙花、蜂女王") -> 妙蛙草、妙蛙花、蜂女王 | J4: =IFERROR(__xludf.DUMMYFUNCTION("IFERROR(INDEX(FILTER('棲息地'!$B$2:$B995 & "" / "" & '棲息地'!$C$2:$C995, ISNUMBER(SEARCH($B4, '棲息地'!$D$2:$D995))), 2), """")"),"庭園陽台 / 原野之花 ×4、花園燈 ×1、花園椅 ×1") -> 庭園陽台 / 原野之花 ×4、花園燈 ×1、花園椅 ×1 | K4: =IFERROR(__xludf.DUMMYFUNCTION("IFERROR(INDEX(FILTER('棲息地'!$D$2:$D995, ISNUMBER(SEARCH($B4, '棲息地'!$D$2:$D995))), 2), """")"),"妙蛙花") -> 妙蛙花 | L4: =IFERROR(__xludf.DUMMYFUNCTION("IFERROR(INDEX(FILTER('棲息地'!$D$2:$D995, ISNUMBER(SEARCH($B4, '棲息地'!$D$2:$D995))), 3), """")"),"")
A5: 004 | B5: 小火龍 | C5: 點火 | E5: 溫暖 | F5: 感受火焰、木製、堅硬、訓練、大家一起用 | G5: 辣 (紅蘿蔔) | H5: =IFERROR(__xludf.DUMMYFUNCTION("IFERROR(INDEX(FILTER('棲息地'!$B$2:$B995 & "" / "" & '棲息地'!$C$2:$C995, ISNUMBER(SEARCH($B5, '棲息地'!$D$2:$D995))), 1), """")"),"綠色的草叢 / 綠草 ×4") -> 綠色的草叢 / 綠草 ×4 | I5: =IFERROR(__xludf.DUMMYFUNCTION("IFERROR(INDEX(FILTER('棲息地'!$D$2:$D995, ISNUMBER(SEARCH($B5, '棲息地'!$D$2:$D995))), 1), """")"),"妙蛙種子、小火龍、噴火龍、傑尼龜、走路草、小拳石（空空鎮)") -> 妙蛙種子、小火龍、噴火龍、傑尼龜、走路草、小拳石（空空鎮) | J5: =IFERROR(__xludf.DUMMYFUNCTION("IFERROR(INDEX(FILTER('棲息地'!$B$2:$B995 & "" / "" & '棲息地'!$C$2:$C995, ISNUMBER(SEARCH($B5, '棲息地'!$D$2:$D995))), 2), """")"),"") | K5: =IFERROR(__xludf.DUMMYFUNCTION("IFERROR(INDEX(FILTER('棲息地'!$D$2:$D995, ISNUMBER(SEARCH($B5, '棲息地'!$D$2:$D995))), 2), """")"),"") | L5: =IFERROR(__xludf.DUMMYFUNCTION("IFERROR(INDEX(FILTER('棲息地'!$D$2:$D995, ISNUMBER(SEARCH($B5, '棲息地'!$D$2:$D995))), 3), """")"),"")
A6: 005 | B6: 火恐龍 | C6: 點火 | E6: 溫暖 | F6: 感受火焰、木製、堅硬、訓練、交通工具 | G6: 辣 (紅蘿蔔) | H6: =IFERROR(__xludf.DUMMYFUNCTION("IFERROR(INDEX(FILTER('棲息地'!$B$2:$B995 & "" / "" & '棲息地'!$C$2:$C995, ISNUMBER(SEARCH($B6, '棲息地'!$D$2:$D995))), 1), """")"),"露營組合 / 營火 ×1、乾草桌 ×1、乾草椅 ×1") -> 露營組合 / 營火 ×1、乾草桌 ×1、乾草椅 ×1 | I6: =IFERROR(__xludf.DUMMYFUNCTION("IFERROR(INDEX(FILTER('棲息地'!$D$2:$D995, ISNUMBER(SEARCH($B6, '棲息地'!$D$2:$D995))), 1), """")"),"火恐龍") -> 火恐龍 | J6: =IFERROR(__xludf.DUMMYFUNCTION("IFERROR(INDEX(FILTER('棲息地'!$B$2:$B995 & "" / "" & '棲息地'!$C$2:$C995, ISNUMBER(SEARCH($B6, '棲息地'!$D$2:$D995))), 2), """")"),"") | K6: =IFERROR(__xludf.DUMMYFUNCTION("IFERROR(INDEX(FILTER('棲息地'!$D$2:$D995, ISNUMBER(SEARCH($B6, '棲息地'!$D$2:$D995))), 2), """")"),"") | L6: =IFERROR(__xludf.DUMMYFUNCTION("IFERROR(INDEX(FILTER('棲息地'!$D$2:$D995, ISNUMBER(SEARCH($B6, '棲息地'!$D$2:$D995))), 3), """")"),"")
A7: 006 | B7: 噴火龍 | C7: 點火、飛翔 | E7: 溫暖 | F7: 感受火焰、感受風、木製、訓練、華麗 | G7: 辣 (紅蘿蔔) | H7: =IFERROR(__xludf.DUMMYFUNCTION("IFERROR(INDEX(FILTER('棲息地'!$B$2:$B995 & "" / "" & '棲息地'!$C$2:$C995, ISNUMBER(SEARCH($B7, '棲息地'!$D$2:$D995))), 1), """")"),"綠色的草叢 / 綠草 ×4") -> 綠色的草叢 / 綠草 ×4 | I7: =IFERROR(__xludf.DUMMYFUNCTION("IFERROR(INDEX(FILTER('棲息地'!$D$2:$D995, ISNUMBER(SEARCH($B7, '棲息地'!$D$2:$D995))), 1), """")"),"妙蛙種子、小火龍、噴火龍、傑尼龜、走路草、小拳石（空空鎮)") -> 妙蛙種子、小火龍、噴火龍、傑尼龜、走路草、小拳石（空空鎮) | J7: =IFERROR(__xludf.DUMMYFUNCTION("IFERROR(INDEX(FILTER('棲息地'!$B$2:$B995 & "" / "" & '棲息地'!$C$2:$C995, ISNUMBER(SEARCH($B7, '棲息地'!$D$2:$D995))), 2), """")"),"樹果露營大餐 / 晴天漂浮泡泡娃娃 ×2、營火 ×1、樹果籃 ×1、高處 ×1") -> 樹果露營大餐 / 晴天漂浮泡泡娃娃 ×2、營火 ×1、樹果籃 ×1、高處 ×1 | K7: =IFERROR(__xludf.DUMMYFUNCTION("IFERROR(INDEX(FILTER('棲息地'!$D$2:$D995, ISNUMBER(SEARCH($B7, '棲息地'!$D$2:$D995))), 2), """")"),"噴火龍") -> 噴火龍 | L7: =IFERROR(__xludf.DUMMYFUNCTION("IFERROR(INDEX(FILTER('棲息地'!$D$2:$D995, ISNUMBER(SEARCH($B7, '棲息地'!$D$2:$D995))), 3), """")"),"")
A8: 007 | B8: 傑尼龜 | C8: 滋潤 | E8: 滋潤 | F8: 感受水、整潔、療癒傷口、可愛、大家一起用 | G8: 甜 (桃桃果) | H8: =IFERROR(__xludf.DUMMYFUNCTION("IFERROR(INDEX(FILTER('棲息地'!$B$2:$B995 & "" / "" & '棲息地'!$C$2:$C995, ISNUMBER(SEARCH($B8, '棲息地'!$D$2:$D995))), 1), """")"),"綠色的草叢 / 綠草 ×4") -> 綠色的草叢 / 綠草 ×4 | I8: =IFERROR(__xludf.DUMMYFUNCTION("IFERROR(INDEX(FILTER('棲息地'!$D$2:$D995, ISNUMBER(SEARCH($B8, '棲息地'!$D$2:$D995))), 1), """")"),"妙蛙種子、小火龍、噴火龍、傑尼龜、走路草、小拳石（空空鎮)") -> 妙蛙種子、小火龍、噴火龍、傑尼龜、走路草、小拳石（空空鎮) | J8: =IFERROR(__xludf.DUMMYFUNCTION("IFERROR(INDEX(FILTER('棲息地'!$B$2:$B995 & "" / "" & '棲息地'!$C$2:$C995, ISNUMBER(SEARCH($B8, '棲息地'!$D$2:$D995))), 2), """")"),"濕潤的草地 / 綠草 ×4、水 ×2") -> 濕潤的草地 / 綠草 ×4、水 ×2 | K8: =IFERROR(__xludf.DUMMYFUNCTION("IFERROR(INDEX(FILTER('棲息地'!$D$2:$D995, ISNUMBER(SEARCH($B8, '棲息地'!$D$2:$D995))), 2), """")"),"傑尼龜、卡咪龜、水箭龜、黏美兒、古月鳥（空空鎮)") -> 傑尼龜、卡咪龜、水箭龜、黏美兒、古月鳥（空空鎮) | L8: =IFERROR(__xludf.DUMMYFUNCTION("IFERROR(INDEX(FILTER('棲息地'!$D$2:$D995, ISNUMBER(SEARCH($B8, '棲息地'!$D$2:$D995))), 3), """")"),"")
A9: 008 | B9: 卡咪龜 | C9: 滋潤 | E9: 滋潤 | F9: 感受水、整潔、療癒傷口、訓練、堅硬 | G9: 辣 (紅蘿蔔) | H9: =IFERROR(__xludf.DUMMYFUNCTION("IFERROR(INDEX(FILTER('棲息地'!$B$2:$B995 & "" / "" & '棲息地'!$C$2:$C995, ISNUMBER(SEARCH($B9, '棲息地'!$D$2:$D995))), 1), """")"),"濕潤的草地 / 綠草 ×4、水 ×2") -> 濕潤的草地 / 綠草 ×4、水 ×2 | I9: =IFERROR(__xludf.DUMMYFUNCTION("IFERROR(INDEX(FILTER('棲息地'!$D$2:$D995, ISNUMBER(SEARCH($B9, '棲息地'!$D$2:$D995))), 1), """")"),"傑尼龜、卡咪龜、水箭龜、黏美兒、古月鳥（空空鎮)") -> 傑尼龜、卡咪龜、水箭龜、黏美兒、古月鳥（空空鎮) | J9: =IFERROR(__xludf.DUMMYFUNCTION("IFERROR(INDEX(FILTER('棲息地'!$B$2:$B995 & "" / "" & '棲息地'!$C$2:$C995, ISNUMBER(SEARCH($B9, '棲息地'!$D$2:$D995))), 2), """")"),"") | K9: =IFERROR(__xludf.DUMMYFUNCTION("IFERROR(INDEX(FILTER('棲息地'!$D$2:$D995, ISNUMBER(SEARCH($B9, '棲息地'!$D$2:$D995))), 2), """")"),"") | L9: =IFERROR(__xludf.DUMMYFUNCTION("IFERROR(INDEX(FILTER('棲息地'!$D$2:$D995, ISNUMBER(SEARCH($B9, '棲息地'!$D$2:$D995))), 3), """")"),"")
A10: 009 | B10: 水箭龜 | C10: 滋潤、交易 | E10: 滋潤 | F10: 感受水、整潔、療癒傷口、訓練、華麗 | G10: 酸 (番茄) | H10: =IFERROR(__xludf.DUMMYFUNCTION("IFERROR(INDEX(FILTER('棲息地'!$B$2:$B995 & "" / "" & '棲息地'!$C$2:$C995, ISNUMBER(SEARCH($B10, '棲息地'!$D$2:$D995))), 1), """")"),"濕潤的草地 / 綠草 ×4、水 ×2") -> 濕潤的草地 / 綠草 ×4、水 ×2 | I10: =IFERROR(__xludf.DUMMYFUNCTION("IFERROR(INDEX(FILTER('棲息地'!$D$2:$D995, ISNUMBER(SEARCH($B10, '棲息地'!$D$2:$D995))), 1), """")"),"傑尼龜、卡咪龜、水箭龜、黏美兒、古月鳥（空空鎮)") -> 傑尼龜、卡咪龜、水箭龜、黏美兒、古月鳥（空空鎮) | J10: =IFERROR(__xludf.DUMMYFUNCTION("IFERROR(INDEX(FILTER('棲息地'!$B$2:$B995 & "" / "" & '棲息地'!$C$2:$C995, ISNUMBER(SEARCH($B10, '棲息地'!$D$2:$D995))), 2), """")"),"在陰涼處漂浮玩水 / 海灘傘 ×1、水 ×2") -> 在陰涼處漂浮玩水 / 海灘傘 ×1、水 ×2 | K10: =IFERROR(__xludf.DUMMYFUNCTION("IFERROR(INDEX(FILTER('棲息地'!$D$2:$D995, ISNUMBER(SEARCH($B10, '棲息地'!$D$2:$D995))), 2), """")"),"水箭龜") -> 水箭龜 | L10: =IFERROR(__xludf.DUMMYFUNCTION("IFERROR(INDEX(FILTER('棲息地'!$D$2:$D995, ISNUMBER(SEARCH($B10, '棲息地'!$D$2:$D995))), 3), """")"),"")
A11: 010 | B11: 波波 | C11: 找東西、飛翔 | E11: 明亮 | F11: 柔軟、感受風、觀賞樂趣、感受自然、遊樂場 | G11: 酸 (番茄) | H11: =IFERROR(__xludf.DUMMYFUNCTION("IFERROR(INDEX(FILTER('棲息地'!$B$2:$B995 & "" / "" & '棲息地'!$C$2:$C995, ISNUMBER(SEARCH($B11, '棲息地'!$D$2:$D995))), 1), """")"),"高崗的草叢 / 綠草 ×4、高處 ×1") -> 高崗的草叢 / 綠草 ×4、高處 ×1 | I11: =IFERROR(__xludf.DUMMYFUNCTION("IFERROR(INDEX(FILTER('棲息地'!$D$2:$D995, ISNUMBER(SEARCH($B11, '棲息地'!$D$2:$D995))), 1), """")"),"咕咕、波波、比比鳥") -> 咕咕、波波、比比鳥 | J11: =IFERROR(__xludf.DUMMYFUNCTION("IFERROR(INDEX(FILTER('棲息地'!$B$2:$B995 & "" / "" & '棲息地'!$C$2:$C995, ISNUMBER(SEARCH($B11, '棲息地'!$D$2:$D995))), 2), """")"),"漂亮的花田 / 原野之花 ×4") -> 漂亮的花田 / 原野之花 ×4 | K11: =IFERROR(__xludf.DUMMYFUNCTION("IFERROR(INDEX(FILTER('棲息地'!$D$2:$D995, ISNUMBER(SEARCH($B11, '棲息地'!$D$2:$D995))), 2), """")"),"咕咕、三蜜蜂、伊布、波波（空空鎮)、鴨嘴寶寶（空空鎮)") -> 咕咕、三蜜蜂、伊布、波波（空空鎮)、鴨嘴寶寶（空空鎮) | L11: =IFERROR(__xludf.DUMMYFUNCTION("IFERROR(INDEX(FILTER('棲息地'!$D$2:$D995, ISNUMBER(SEARCH($B11, '棲息地'!$D$2:$D995))), 3), """")"),"")
A12: 011 | B12: 比比鳥 | C12: 找東西、飛翔 | E12: 明亮 | F12: 柔軟、感受風、觀賞樂趣、感受自然、像食物 | G12: 辣 (紅蘿蔔) | H12: =IFERROR(__xludf.DUMMYFUNCTION("IFERROR(INDEX(FILTER('棲息地'!$B$2:$B995 & "" / "" & '棲息地'!$C$2:$C995, ISNUMBER(SEARCH($B12, '棲息地'!$D$2:$D995))), 1), """")"),"高崗的草叢 / 綠草 ×4、高處 ×1") -> 高崗的草叢 / 綠草 ×4、高處 ×1 | I12: =IFERROR(__xludf.DUMMYFUNCTION("IFERROR(INDEX(FILTER('棲息地'!$D$2:$D995, ISNUMBER(SEARCH($B12, '棲息地'!$D$2:$D995))), 1), """")"),"咕咕、波波、比比鳥") -> 咕咕、波波、比比鳥 | J12: =IFERROR(__xludf.DUMMYFUNCTION("IFERROR(INDEX(FILTER('棲息地'!$B$2:$B995 & "" / "" & '棲息地'!$C$2:$C995, ISNUMBER(SEARCH($B12, '棲息地'!$D$2:$D995))), 2), """")"),"") | K12: =IFERROR(__xludf.DUMMYFUNCTION("IFERROR(INDEX(FILTER('棲息地'!$D$2:$D995, ISNUMBER(SEARCH($B12, '棲息地'!$D$2:$D995))), 2), """")"),"") | L12: =IFERROR(__xludf.DUMMYFUNCTION("IFERROR(INDEX(FILTER('棲息地'!$D$2:$D995, ISNUMBER(SEARCH($B12, '棲息地'!$D$2:$D995))), 3), """")"),"")
A13: 012 | B13: 大比鳥 | C13: 伐木、飛翔 | E13: 明亮 | F13: 柔軟、感受風、木製、感受自然、華麗 | G13: 酸 (番茄) | H13: =IFERROR(__xludf.DUMMYFUNCTION("IFERROR(INDEX(FILTER('棲息地'!$B$2:$B995 & "" / "" & '棲息地'!$C$2:$C995, ISNUMBER(SEARCH($B13, '棲息地'!$D$2:$D995))), 1), """")"),"豪華小雞飼料 / 裝有樹果的籃子 ×1、木製鳥巢箱 ×1") -> 豪華小雞飼料 / 裝有樹果的籃子 ×1、木製鳥巢箱 ×1 | I13: =IFERROR(__xludf.DUMMYFUNCTION("IFERROR(INDEX(FILTER('棲息地'!$D$2:$D995, ISNUMBER(SEARCH($B13, '棲息地'!$D$2:$D995))), 1), """")"),"大比鳥（★）") -> 大比鳥（★） | J13: =IFERROR(__xludf.DUMMYFUNCTION("IFERROR(INDEX(FILTER('棲息地'!$B$2:$B995 & "" / "" & '棲息地'!$C$2:$C995, ISNUMBER(SEARCH($B13, '棲息地'!$D$2:$D995))), 2), """")"),"") | K13: =IFERROR(__xludf.DUMMYFUNCTION("IFERROR(INDEX(FILTER('棲息地'!$D$2:$D995, ISNUMBER(SEARCH($B13, '棲息地'!$D$2:$D995))), 2), """")"),"") | L13: =IFERROR(__xludf.DUMMYFUNCTION("IFERROR(INDEX(FILTER('棲息地'!$D$2:$D995, ISNUMBER(SEARCH($B13, '棲息地'!$D$2:$D995))), 3), """")"),"")
A14: 013 | B14: 走路草 | C14: 栽培 | E14: 滋潤 | F14: 感受自然、感受土、柔軟、花朵盛開、感受水 | G14: 苦 (馬鈴薯) | H14: =IFERROR(__xludf.DUMMYFUNCTION("IFERROR(INDEX(FILTER('棲息地'!$B$2:$B995 & "" / "" & '棲息地'!$C$2:$C995, ISNUMBER(SEARCH($B14, '棲息地'!$D$2:$D995))), 1), """")"),"綠色的草叢 / 綠草 ×4") -> 綠色的草叢 / 綠草 ×4 | I14: =IFERROR(__xludf.DUMMYFUNCTION("IFERROR(INDEX(FILTER('棲息地'!$D$2:$D995, ISNUMBER(SEARCH($B14, '棲息地'!$D$2:$D995))), 1), """")"),"妙蛙種子、小火龍、噴火龍、傑尼龜、走路草、小拳石（空空鎮)") -> 妙蛙種子、小火龍、噴火龍、傑尼龜、走路草、小拳石（空空鎮) | J14: =IFERROR(__xludf.DUMMYFUNCTION("IFERROR(INDEX(FILTER('棲息地'!$B$2:$B995 & "" / "" & '棲息地'!$C$2:$C995, ISNUMBER(SEARCH($B14, '棲息地'!$D$2:$D995))), 2), """")"),"") | K14: =IFERROR(__xludf.DUMMYFUNCTION("IFERROR(INDEX(FILTER('棲息地'!$D$2:$D995, ISNUMBER(SEARCH($B14, '棲息地'!$D$2:$D995))), 2), """")"),"") | L14: =IFERROR(__xludf.DUMMYFUNCTION("IFERROR(INDEX(FILTER('棲息地'!$D$2:$D995, ISNUMBER(SEARCH($B14, '棲息地'!$D$2:$D995))), 3), """")"),"")
A15: 014 | B15: 臭臭花 | C15: 栽培 | E15: 滋潤 | F15: 感受自然、感受土、柔軟、花朵盛開、垃圾 | G15: 澀 (小麥) | H15: =IFERROR(__xludf.DUMMYFUNCTION("IFERROR(INDEX(FILTER('棲息地'!$B$2:$B995 & "" / "" & '棲息地'!$C$2:$C995, ISNUMBER(SEARCH($B15, '棲息地'!$D$2:$D995))), 1), """")"),"南國氣氛 / 大椰子樹 ×1、海邊之花 ×4") -> 南國氣氛 / 大椰子樹 ×1、海邊之花 ×4 | I15: =IFERROR(__xludf.DUMMYFUNCTION("IFERROR(INDEX(FILTER('棲息地'!$D$2:$D995, ISNUMBER(SEARCH($B15, '棲息地'!$D$2:$D995))), 1), """")"),"椰蛋樹、臭臭花、蛋蛋") -> 椰蛋樹、臭臭花、蛋蛋 | J15: =IFERROR(__xludf.DUMMYFUNCTION("IFERROR(INDEX(FILTER('棲息地'!$B$2:$B995 & "" / "" & '棲息地'!$C$2:$C995, ISNUMBER(SEARCH($B15, '棲息地'!$D$2:$D995))), 2), """")"),"") | K15: =IFERROR(__xludf.DUMMYFUNCTION("IFERROR(INDEX(FILTER('棲息地'!$D$2:$D995, ISNUMBER(SEARCH($B15, '棲息地'!$D$2:$D995))), 2), """")"),"") | L15: =IFERROR(__xludf.DUMMYFUNCTION("IFERROR(INDEX(FILTER('棲息地'!$D$2:$D995, ISNUMBER(SEARCH($B15, '棲息地'!$D$2:$D995))), 3), """")"),"")
A16: 015 | B16: 霸王花 | C16: 栽培、亂撒 | D16: 葉子 | E16: 滋潤 | F16: 感受自然、感受土、柔軟、花朵盛開、五彩繽紛 | G16: 苦 (馬鈴薯) | H16: =IFERROR(__xludf.DUMMYFUNCTION("IFERROR(INDEX(FILTER('棲息地'!$B$2:$B995 & "" / "" & '棲息地'!$C$2:$C995, ISNUMBER(SEARCH($B16, '棲息地'!$D$2:$D995))), 1), """")"),"吉利蛋休息處 / 樹籬(任意) ×6、椅子(長條) ×1") -> 吉利蛋休息處 / 樹籬(任意) ×6、椅子(長條) ×1 | I16: =IFERROR(__xludf.DUMMYFUNCTION("IFERROR(INDEX(FILTER('棲息地'!$D$2:$D995, ISNUMBER(SEARCH($B16, '棲息地'!$D$2:$D995))), 1), """")"),"霸王花、美麗花") -> 霸王花、美麗花 | J16: =IFERROR(__xludf.DUMMYFUNCTION("IFERROR(INDEX(FILTER('棲息地'!$B$2:$B995 & "" / "" & '棲息地'!$C$2:$C995, ISNUMBER(SEARCH($B16, '棲息地'!$D$2:$D995))), 2), """")"),"") | K16: =IFERROR(__xludf.DUMMYFUNCTION("IFERROR(INDEX(FILTER('棲息地'!$D$2:$D995, ISNUMBER(SEARCH($B16, '棲息地'!$D$2:$D995))), 2), """")"),"") | L16: =IFERROR(__xludf.DUMMYFUNCTION("IFERROR(INDEX(FILTER('棲息地'!$D$2:$D995, ISNUMBER(SEARCH($B16, '棲息地'!$D$2:$D995))), 3), """")"),"")
A17: 016 | B17: 美麗花 | C17: 栽培、帶動氣氛 | E17: 明亮 | F17: 感受自然、花朵盛開、遊樂場、可愛、聲音 | G17: 酸 (番茄) | H17: =IFERROR(__xludf.DUMMYFUNCTION("IFERROR(INDEX(FILTER('棲息地'!$B$2:$B995 & "" / "" & '棲息地'!$C$2:$C995, ISNUMBER(SEARCH($B17, '棲息地'!$D$2:$D995))), 1), """")"),"吉利蛋休息處 / 樹籬(任意) ×6、椅子(長條) ×1") -> 吉利蛋休息處 / 樹籬(任意) ×6、椅子(長條) ×1 | I17: =IFERROR(__xludf.DUMMYFUNCTION("IFERROR(INDEX(FILTER('棲息地'!$D$2:$D995, ISNUMBER(SEARCH($B17, '棲息地'!$D$2:$D995))), 1), """")"),"霸王花、美麗花") -> 霸王花、美麗花 | J17: =IFERROR(__xludf.DUMMYFUNCTION("IFERROR(INDEX(FILTER('棲息地'!$B$2:$B995 & "" / "" & '棲息地'!$C$2:$C995, ISNUMBER(SEARCH($B17, '棲息地'!$D$2:$D995))), 2), """")"),"") | K17: =IFERROR(__xludf.DUMMYFUNCTION("IFERROR(INDEX(FILTER('棲息地'!$D$2:$D995, ISNUMBER(SEARCH($B17, '棲息地'!$D$2:$D995))), 2), """")"),"") | L17: =IFERROR(__xludf.DUMMYFUNCTION("IFERROR(INDEX(FILTER('棲息地'!$D$2:$D995, ISNUMBER(SEARCH($B17, '棲息地'!$D$2:$D995))), 3), """")"),"")
A18: 017 | B18: 派拉斯 | C18: 找東西 | E18: 滋潤 | F18: 感受自然、木製、觀賞樂趣、感受土、像食物 | G18: 苦 (馬鈴薯) | H18: =IFERROR(__xludf.DUMMYFUNCTION("IFERROR(INDEX(FILTER('棲息地'!$B$2:$B995 & "" / "" & '棲息地'!$C$2:$C995, ISNUMBER(SEARCH($B18, '棲息地'!$D$2:$D995))), 1), """")"),"高崗的花海 / 原野之花 ×4、高處 ×1") -> 高崗的花海 / 原野之花 ×4、高處 ×1 | I18: =IFERROR(__xludf.DUMMYFUNCTION("IFERROR(INDEX(FILTER('棲息地'!$D$2:$D995, ISNUMBER(SEARCH($B18, '棲息地'!$D$2:$D995))), 1), """")"),"派拉斯、派拉斯特") -> 派拉斯、派拉斯特 | J18: =IFERROR(__xludf.DUMMYFUNCTION("IFERROR(INDEX(FILTER('棲息地'!$B$2:$B995 & "" / "" & '棲息地'!$C$2:$C995, ISNUMBER(SEARCH($B18, '棲息地'!$D$2:$D995))), 2), """")"),"花園 / 樹籬(任意) ×4、原野之花 ×4") -> 花園 / 樹籬(任意) ×4、原野之花 ×4 | K18: =IFERROR(__xludf.DUMMYFUNCTION("IFERROR(INDEX(FILTER('棲息地'!$D$2:$D995, ISNUMBER(SEARCH($B18, '棲息地'!$D$2:$D995))), 2), """")"),"派拉斯、派拉斯特") -> 派拉斯、派拉斯特 | L18: =IFERROR(__xludf.DUMMYFUNCTION("IFERROR(INDEX(FILTER('棲息地'!$D$2:$D995, ISNUMBER(SEARCH($B18, '棲息地'!$D$2:$D995))), 3), """")"),"")
A19: 018 | B19: 派拉斯特 | C19: 找東西 | E19: 滋潤 | F19: 感受自然、木製、觀賞樂趣、感受土、不可思議 | G19: 苦 (馬鈴薯) | H19: =IFERROR(__xludf.DUMMYFUNCTION("IFERROR(INDEX(FILTER('棲息地'!$B$2:$B995 & "" / "" & '棲息地'!$C$2:$C995, ISNUMBER(SEARCH($B19, '棲息地'!$D$2:$D995))), 1), """")"),"高崗的花海 / 原野之花 ×4、高處 ×1") -> 高崗的花海 / 原野之花 ×4、高處 ×1 | I19: =IFERROR(__xludf.DUMMYFUNCTION("IFERROR(INDEX(FILTER('棲息地'!$D$2:$D995, ISNUMBER(SEARCH($B19, '棲息地'!$D$2:$D995))), 1), """")"),"派拉斯、派拉斯特") -> 派拉斯、派拉斯特 | J19: =IFERROR(__xludf.DUMMYFUNCTION("IFERROR(INDEX(FILTER('棲息地'!$B$2:$B995 & "" / "" & '棲息地'!$C$2:$C995, ISNUMBER(SEARCH($B19, '棲息地'!$D$2:$D995))), 2), """")"),"花園 / 樹籬(任意) ×4、原野之花 ×4") -> 花園 / 樹籬(任意) ×4、原野之花 ×4 | K19: =IFERROR(__xludf.DUMMYFUNCTION("IFERROR(INDEX(FILTER('棲息地'!$D$2:$D995, ISNUMBER(SEARCH($B19, '棲息地'!$D$2:$D995))), 2), """")"),"派拉斯、派拉斯特") -> 派拉斯、派拉斯特 | L19: =IFERROR(__xludf.DUMMYFUNCTION("IFERROR(INDEX(FILTER('棲息地'!$D$2:$D995, ISNUMBER(SEARCH($B19, '棲息地'!$D$2:$D995))), 3), """")"),"")
A20: 019 | B20: 毛球 | C20: 找東西 | E20: 明亮 | F20: 感受自然、木製、觀賞樂趣、看起來很難、有文字 | G20: 苦 (馬鈴薯) | H20: =IFERROR(__xludf.DUMMYFUNCTION("IFERROR(INDEX(FILTER('棲息地'!$B$2:$B995 & "" / "" & '棲息地'!$C$2:$C995, ISNUMBER(SEARCH($B20, '棲息地'!$D$2:$D995))), 1), """")"),"光照的草叢 / 草叢(任意) ×4、照明(任意) ×1") -> 光照的草叢 / 草叢(任意) ×4、照明(任意) ×1 | I20: =IFERROR(__xludf.DUMMYFUNCTION("IFERROR(INDEX(FILTER('棲息地'!$D$2:$D995, ISNUMBER(SEARCH($B20, '棲息地'!$D$2:$D995))), 1), """")"),"毛球、摩魯蛾") -> 毛球、摩魯蛾 | J20: =IFERROR(__xludf.DUMMYFUNCTION("IFERROR(INDEX(FILTER('棲息地'!$B$2:$B995 & "" / "" & '棲息地'!$C$2:$C995, ISNUMBER(SEARCH($B20, '棲息地'!$D$2:$D995))), 2), """")"),"光照的長椅 / 椅子(長條) ×1、路燈(任意) ×1") -> 光照的長椅 / 椅子(長條) ×1、路燈(任意) ×1 | K20: =IFERROR(__xludf.DUMMYFUNCTION("IFERROR(INDEX(FILTER('棲息地'!$D$2:$D995, ISNUMBER(SEARCH($B20, '棲息地'!$D$2:$D995))), 2), """")"),"毛球") -> 毛球 | L20: =IFERROR(__xludf.DUMMYFUNCTION("IFERROR(INDEX(FILTER('棲息地'!$D$2:$D995, ISNUMBER(SEARCH($B20, '棲息地'!$D$2:$D995))), 3), """")"),"")
A21: 020 | B21: 摩魯蛾 | C21: 找東西 | E21: 明亮 | F21: 感受自然、木製、觀賞樂趣、感受風、花朵盛開 | G21: 苦 (馬鈴薯) | H21: =IFERROR(__xludf.DUMMYFUNCTION("IFERROR(INDEX(FILTER('棲息地'!$B$2:$B995 & "" / "" & '棲息地'!$C$2:$C995, ISNUMBER(SEARCH($B21, '棲息地'!$D$2:$D995))), 1), """")"),"光照的草叢 / 草叢(任意) ×4、照明(任意) ×1") -> 光照的草叢 / 草叢(任意) ×4、照明(任意) ×1 | I21: =IFERROR(__xludf.DUMMYFUNCTION("IFERROR(INDEX(FILTER('棲息地'!$D$2:$D995, ISNUMBER(SEARCH($B21, '棲息地'!$D$2:$D995))), 1), """")"),"毛球、摩魯蛾") -> 毛球、摩魯蛾 | J21: =IFERROR(__xludf.DUMMYFUNCTION("IFERROR(INDEX(FILTER('棲息地'!$B$2:$B995 & "" / "" & '棲息地'!$C$2:$C995, ISNUMBER(SEARCH($B21, '棲息地'!$D$2:$D995))), 2), """")"),"") | K21: =IFERROR(__xludf.DUMMYFUNCTION("IFERROR(INDEX(FILTER('棲息地'!$D$2:$D995, ISNUMBER(SEARCH($B21, '棲息地'!$D$2:$D995))), 2), """")"),"") | L21: =IFERROR(__xludf.DUMMYFUNCTION("IFERROR(INDEX(FILTER('棲息地'!$D$2:$D995, ISNUMBER(SEARCH($B21, '棲息地'!$D$2:$D995))), 3), """")"),"")
A22: 021 | B22: 喇叭芽 | C22: 栽培、亂撒 | D22: 藤蔓繩 | E22: 滋潤 | F22: 感受自然、木製、感受土、感受水、花朵盛開 | G22: 澀 (小麥) | H22: =IFERROR(__xludf.DUMMYFUNCTION("IFERROR(INDEX(FILTER('棲息地'!$B$2:$B995 & "" / "" & '棲息地'!$C$2:$C995, ISNUMBER(SEARCH($B22, '棲息地'!$D$2:$D995))), 1), """")"),"樹蔭的草叢 / 大樹 ×1、綠草 ×4") -> 樹蔭的草叢 / 大樹 ×1、綠草 ×4 | I22: =IFERROR(__xludf.DUMMYFUNCTION("IFERROR(INDEX(FILTER('棲息地'!$D$2:$D995, ISNUMBER(SEARCH($B22, '棲息地'!$D$2:$D995))), 1), """")"),"飛天螳螂、喇叭芽、巨鉗螳螂（空空鎮)、赫拉克羅斯、凱羅斯、貪心栗鼠（空空鎮)") -> 飛天螳螂、喇叭芽、巨鉗螳螂（空空鎮)、赫拉克羅斯、凱羅斯、貪心栗鼠（空空鎮) | J22: =IFERROR(__xludf.DUMMYFUNCTION("IFERROR(INDEX(FILTER('棲息地'!$B$2:$B995 & "" / "" & '棲息地'!$C$2:$C995, ISNUMBER(SEARCH($B22, '棲息地'!$D$2:$D995))), 2), """")"),"") | K22: =IFERROR(__xludf.DUMMYFUNCTION("IFERROR(INDEX(FILTER('棲息地'!$D$2:$D995, ISNUMBER(SEARCH($B22, '棲息地'!$D$2:$D995))), 2), """")"),"") | L22: =IFERROR(__xludf.DUMMYFUNCTION("IFERROR(INDEX(FILTER('棲息地'!$D$2:$D995, ISNUMBER(SEARCH($B22, '棲息地'!$D$2:$D995))), 3), """")"),"")
A23: 022 | B23: 口呆花 | C23: 栽培、亂撒 | D23: 藤蔓繩 | E23: 滋潤 | F23: 感受自然、木製、感受土、五彩繽紛、花朵盛開 | G23: 苦 (馬鈴薯) | H23: =IFERROR(__xludf.DUMMYFUNCTION("IFERROR(INDEX(FILTER('棲息地'!$B$2:$B995 & "" / "" & '棲息地'!$C$2:$C995, ISNUMBER(SEARCH($B23, '棲息地'!$D$2:$D995))), 1), """")"),"華麗的桌子 / 椅子(任意) ×1、桌子(任意) ×1") -> 華麗的桌子 / 椅子(任意) ×1、桌子(任意) ×1 | I23: =IFERROR(__xludf.DUMMYFUNCTION("IFERROR(INDEX(FILTER('棲息地'!$D$2:$D995, ISNUMBER(SEARCH($B23, '棲息地'!$D$2:$D995))), 1), """")"),"口呆花、大食花") -> 口呆花、大食花 | J23: =IFERROR(__xludf.DUMMYFUNCTION("IFERROR(INDEX(FILTER('棲息地'!$B$2:$B995 & "" / "" & '棲息地'!$C$2:$C995, ISNUMBER(SEARCH($B23, '棲息地'!$D$2:$D995))), 2), """")"),"光與香氣的勾引 / 盤子上的食物 ×1") -> 光與香氣的勾引 / 盤子上的食物 ×1 | K23: =IFERROR(__xludf.DUMMYFUNCTION("IFERROR(INDEX(FILTER('棲息地'!$D$2:$D995, ISNUMBER(SEARCH($B23, '棲息地'!$D$2:$D995))), 2), """")"),"口呆花") -> 口呆花 | L23: =IFERROR(__xludf.DUMMYFUNCTION("IFERROR(INDEX(FILTER('棲息地'!$D$2:$D995, ISNUMBER(SEARCH($B23, '棲息地'!$D$2:$D995))), 3), """")"),"")
A24: 023 | B24: 大食花 | C24: 栽培、伐木 | E24: 滋潤 | F24: 感受自然、木製、感受土、五彩繽紛、花朵盛開 | G24: 苦 (馬鈴薯) | H24: =IFERROR(__xludf.DUMMYFUNCTION("IFERROR(INDEX(FILTER('棲息地'!$B$2:$B995 & "" / "" & '棲息地'!$C$2:$C995, ISNUMBER(SEARCH($B24, '棲息地'!$D$2:$D995))), 1), """")"),"華麗的桌子 / 椅子(任意) ×1、桌子(任意) ×1") -> 華麗的桌子 / 椅子(任意) ×1、桌子(任意) ×1 | I24: =IFERROR(__xludf.DUMMYFUNCTION("IFERROR(INDEX(FILTER('棲息地'!$D$2:$D995, ISNUMBER(SEARCH($B24, '棲息地'!$D$2:$D995))), 1), """")"),"口呆花、大食花") -> 口呆花、大食花 | J24: =IFERROR(__xludf.DUMMYFUNCTION("IFERROR(INDEX(FILTER('棲息地'!$B$2:$B995 & "" / "" & '棲息地'!$C$2:$C995, ISNUMBER(SEARCH($B24, '棲息地'!$D$2:$D995))), 2), """")"),"") | K24: =IFERROR(__xludf.DUMMYFUNCTION("IFERROR(INDEX(FILTER('棲息地'!$D$2:$D995, ISNUMBER(SEARCH($B24, '棲息地'!$D$2:$D995))), 2), """")"),"") | L24: =IFERROR(__xludf.DUMMYFUNCTION("IFERROR(INDEX(FILTER('棲息地'!$D$2:$D995, ISNUMBER(SEARCH($B24, '棲息地'!$D$2:$D995))), 3), """")"),"")
A25: 024 | B25: 呆呆獸 | C25: 滋潤、哈欠 | E25: 滋潤 | F25: 感受水、整潔、不可思議、柔軟、療癒傷口 | G25: 澀 (小麥) | H25: =IFERROR(__xludf.DUMMYFUNCTION("IFERROR(INDEX(FILTER('棲息地'!$B$2:$B995 & "" / "" & '棲息地'!$C$2:$C995, ISNUMBER(SEARCH($B25, '棲息地'!$D$2:$D995))), 1), """")"),"海浪邊的草叢 / 綠草 ×4、海水 ×2") -> 海浪邊的草叢 / 綠草 ×4、海水 ×2 | I25: =IFERROR(__xludf.DUMMYFUNCTION("IFERROR(INDEX(FILTER('棲息地'!$D$2:$D995, ISNUMBER(SEARCH($B25, '棲息地'!$D$2:$D995))), 1), """")"),"呆呆獸、呆呆王、呆殼獸") -> 呆呆獸、呆呆王、呆殼獸 | J25: =IFERROR(__xludf.DUMMYFUNCTION("IFERROR(INDEX(FILTER('棲息地'!$B$2:$B995 & "" / "" & '棲息地'!$C$2:$C995, ISNUMBER(SEARCH($B25, '棲息地'!$D$2:$D995))), 2), """")"),"") | K25: =IFERROR(__xludf.DUMMYFUNCTION("IFERROR(INDEX(FILTER('棲息地'!$D$2:$D995, ISNUMBER(SEARCH($B25, '棲息地'!$D$2:$D995))), 2), """")"),"") | L25: =IFERROR(__xludf.DUMMYFUNCTION("IFERROR(INDEX(FILTER('棲息地'!$D$2:$D995, ISNUMBER(SEARCH($B25, '棲息地'!$D$2:$D995))), 3), """")"),"")
A26: 025 | B26: 呆殼獸 | C26: 滋潤、交易 | E26: 滋潤 | F26: 感受水、整潔、不可思議、大家一起用、療癒傷口 | G26: 澀 (小麥) | H26: =IFERROR(__xludf.DUMMYFUNCTION("IFERROR(INDEX(FILTER('棲息地'!$B$2:$B995 & "" / "" & '棲息地'!$C$2:$C995, ISNUMBER(SEARCH($B26, '棲息地'!$D$2:$D995))), 1), """")"),"海浪邊的草叢 / 綠草 ×4、海水 ×2") -> 海浪邊的草叢 / 綠草 ×4、海水 ×2 | I26: =IFERROR(__xludf.DUMMYFUNCTION("IFERROR(INDEX(FILTER('棲息地'!$D$2:$D995, ISNUMBER(SEARCH($B26, '棲息地'!$D$2:$D995))), 1), """")"),"呆呆獸、呆呆王、呆殼獸") -> 呆呆獸、呆呆王、呆殼獸 | J26: =IFERROR(__xludf.DUMMYFUNCTION("IFERROR(INDEX(FILTER('棲息地'!$B$2:$B995 & "" / "" & '棲息地'!$C$2:$C995, ISNUMBER(SEARCH($B26, '棲息地'!$D$2:$D995))), 2), """")"),"釣魚池 / 釣竿 ×1、椅子 ×1") -> 釣魚池 / 釣竿 ×1、椅子 ×1 | K26: =IFERROR(__xludf.DUMMYFUNCTION("IFERROR(INDEX(FILTER('棲息地'!$D$2:$D995, ISNUMBER(SEARCH($B26, '棲息地'!$D$2:$D995))), 2), """")"),"呆呆王、呆殼獸") -> 呆呆王、呆殼獸 | L26: =IFERROR(__xludf.DUMMYFUNCTION("IFERROR(INDEX(FILTER('棲息地'!$D$2:$D995, ISNUMBER(SEARCH($B26, '棲息地'!$D$2:$D995))), 3), """")"),"")
A27: 026 | B27: 呆呆王 | C27: 滋潤、瞬間移動 | E27: 滋潤 | F27: 感受水、整潔、不可思議、大家一起用、療癒傷口 | G27: 酸 (番茄) | H27: =IFERROR(__xludf.DUMMYFUNCTION("IFERROR(INDEX(FILTER('棲息地'!$B$2:$B995 & "" / "" & '棲息地'!$C$2:$C995, ISNUMBER(SEARCH($B27, '棲息地'!$D$2:$D995))), 1), """")"),"海浪邊的草叢 / 綠草 ×4、海水 ×2") -> 海浪邊的草叢 / 綠草 ×4、海水 ×2 | I27: =IFERROR(__xludf.DUMMYFUNCTION("IFERROR(INDEX(FILTER('棲息地'!$D$2:$D995, ISNUMBER(SEARCH($B27, '棲息地'!$D$2:$D995))), 1), """")"),"呆呆獸、呆呆王、呆殼獸") -> 呆呆獸、呆呆王、呆殼獸 | J27: =IFERROR(__xludf.DUMMYFUNCTION("IFERROR(INDEX(FILTER('棲息地'!$B$2:$B995 & "" / "" & '棲息地'!$C$2:$C995, ISNUMBER(SEARCH($B27, '棲息地'!$D$2:$D995))), 2), """")"),"釣魚池 / 釣竿 ×1、椅子 ×1") -> 釣魚池 / 釣竿 ×1、椅子 ×1 | K27: =IFERROR(__xludf.DUMMYFUNCTION("IFERROR(INDEX(FILTER('棲息地'!$D$2:$D995, ISNUMBER(SEARCH($B27, '棲息地'!$D$2:$D995))), 2), """")"),"呆呆王、呆殼獸") -> 呆呆王、呆殼獸 | L27: =IFERROR(__xludf.DUMMYFUNCTION("IFERROR(INDEX(FILTER('棲息地'!$D$2:$D995, ISNUMBER(SEARCH($B27, '棲息地'!$D$2:$D995))), 3), """")"),"")
A28: 027 | B28: 小磁怪 | C28: 發電 | E28: 明亮 | F28: 電力驅動、金屬感、閃閃發光、堅硬、大家一起用 | G28: 苦 (馬鈴薯) | H28: =IFERROR(__xludf.DUMMYFUNCTION("IFERROR(INDEX(FILTER('棲息地'!$B$2:$B995 & "" / "" & '棲息地'!$C$2:$C995, ISNUMBER(SEARCH($B28, '棲息地'!$D$2:$D995))), 1), """")"),"工廠倉庫 / 路燈(任意) ×1") -> 工廠倉庫 / 路燈(任意) ×1 | I28: =IFERROR(__xludf.DUMMYFUNCTION("IFERROR(INDEX(FILTER('棲息地'!$D$2:$D995, ISNUMBER(SEARCH($B28, '棲息地'!$D$2:$D995))), 1), """")"),"小磁怪") -> 小磁怪 | J28: =IFERROR(__xludf.DUMMYFUNCTION("IFERROR(INDEX(FILTER('棲息地'!$B$2:$B995 & "" / "" & '棲息地'!$C$2:$C995, ISNUMBER(SEARCH($B28, '棲息地'!$D$2:$D995))), 2), """")"),"") | K28: =IFERROR(__xludf.DUMMYFUNCTION("IFERROR(INDEX(FILTER('棲息地'!$D$2:$D995, ISNUMBER(SEARCH($B28, '棲息地'!$D$2:$D995))), 2), """")"),"") | L28: =IFERROR(__xludf.DUMMYFUNCTION("IFERROR(INDEX(FILTER('棲息地'!$D$2:$D995, ISNUMBER(SEARCH($B28, '棲息地'!$D$2:$D995))), 3), """")"),"")
A29: 028 | B29: 三合一磁怪 | C29: 發電 | E29: 明亮 | F29: 電力驅動、金屬感、閃閃發光、聚集、大家一起用 | G29: 苦 (馬鈴薯) | H29: =IFERROR(__xludf.DUMMYFUNCTION("IFERROR(INDEX(FILTER('棲息地'!$B$2:$B995 & "" / "" & '棲息地'!$C$2:$C995, ISNUMBER(SEARCH($B29, '棲息地'!$D$2:$D995))), 1), """")"),"垃圾桶擺好擺滿 / 垃圾桶 ×4") -> 垃圾桶擺好擺滿 / 垃圾桶 ×4 | I29: =IFERROR(__xludf.DUMMYFUNCTION("IFERROR(INDEX(FILTER('棲息地'!$D$2:$D995, ISNUMBER(SEARCH($B29, '棲息地'!$D$2:$D995))), 1), """")"),"三合一磁怪、電擊獸") -> 三合一磁怪、電擊獸 | J29: =IFERROR(__xludf.DUMMYFUNCTION("IFERROR(INDEX(FILTER('棲息地'!$B$2:$B995 & "" / "" & '棲息地'!$C$2:$C995, ISNUMBER(SEARCH($B29, '棲息地'!$D$2:$D995))), 2), """")"),"迷你遊戲城 / 椅子 ×1、遊戲街機 ×1、打擊測力機 ×1") -> 迷你遊戲城 / 椅子 ×1、遊戲街機 ×1、打擊測力機 ×1 | K29: =IFERROR(__xludf.DUMMYFUNCTION("IFERROR(INDEX(FILTER('棲息地'!$D$2:$D995, ISNUMBER(SEARCH($B29, '棲息地'!$D$2:$D995))), 2), """")"),"三合一磁怪（★）、自爆磁怪（★★）") -> 三合一磁怪（★）、自爆磁怪（★★） | L29: =IFERROR(__xludf.DUMMYFUNCTION("IFERROR(INDEX(FILTER('棲息地'!$D$2:$D995, ISNUMBER(SEARCH($B29, '棲息地'!$D$2:$D995))), 3), """")"),"")
A30: 029 | B30: 自爆磁怪 | C30: 回收利用、發電 | E30: 明亮 | F30: 電力驅動、金屬感、華麗、聚集、堅硬 | G30: 苦 (馬鈴薯) | H30: =IFERROR(__xludf.DUMMYFUNCTION("IFERROR(INDEX(FILTER('棲息地'!$B$2:$B995 & "" / "" & '棲息地'!$C$2:$C995, ISNUMBER(SEARCH($B30, '棲息地'!$D$2:$D995))), 1), """")"),"迷你遊戲城 / 椅子 ×1、遊戲街機 ×1、打擊測力機 ×1") -> 迷你遊戲城 / 椅子 ×1、遊戲街機 ×1、打擊測力機 ×1 | I30: =IFERROR(__xludf.DUMMYFUNCTION("IFERROR(INDEX(FILTER('棲息地'!$D$2:$D995, ISNUMBER(SEARCH($B30, '棲息地'!$D$2:$D995))), 1), """")"),"三合一磁怪（★）、自爆磁怪（★★）") -> 三合一磁怪（★）、自爆磁怪（★★） | J30: =IFERROR(__xludf.DUMMYFUNCTION("IFERROR(INDEX(FILTER('棲息地'!$B$2:$B995 & "" / "" & '棲息地'!$C$2:$C995, ISNUMBER(SEARCH($B30, '棲息地'!$D$2:$D995))), 2), """")"),"") | K30: =IFERROR(__xludf.DUMMYFUNCTION("IFERROR(INDEX(FILTER('棲息地'!$D$2:$D995, ISNUMBER(SEARCH($B30, '棲息地'!$D$2:$D995))), 2), """")"),"") | L30: =IFERROR(__xludf.DUMMYFUNCTION("IFERROR(INDEX(FILTER('棲息地'!$D$2:$D995, ISNUMBER(SEARCH($B30, '棲息地'!$D$2:$D995))), 3), """")"),"")
A31: 030 | B31: 大岩蛇 | C31: 碾壓、重踏 | E31: 乾燥 | F31: 石造、感受土、方形、細長、訓練 | G31: 澀 (小麥) | H31: =IFERROR(__xludf.DUMMYFUNCTION("IFERROR(INDEX(FILTER('棲息地'!$B$2:$B995 & "" / "" & '棲息地'!$C$2:$C995, ISNUMBER(SEARCH($B31, '棲息地'!$D$2:$D995))), 1), """")"),"乾爽草叢 / 枯萎的綠草 ×4、沙沙岩石 ×1") -> 乾爽草叢 / 枯萎的綠草 ×4、沙沙岩石 ×1 | I31: =IFERROR(__xludf.DUMMYFUNCTION("IFERROR(INDEX(FILTER('棲息地'!$D$2:$D995, ISNUMBER(SEARCH($B31, '棲息地'!$D$2:$D995))), 1), """")"),"大岩蛇") -> 大岩蛇 | J31: =IFERROR(__xludf.DUMMYFUNCTION("IFERROR(INDEX(FILTER('棲息地'!$B$2:$B995 & "" / "" & '棲息地'!$C$2:$C995, ISNUMBER(SEARCH($B31, '棲息地'!$D$2:$D995))), 2), """")"),"") | K31: =IFERROR(__xludf.DUMMYFUNCTION("IFERROR(INDEX(FILTER('棲息地'!$D$2:$D995, ISNUMBER(SEARCH($B31, '棲息地'!$D$2:$D995))), 2), """")"),"") | L31: =IFERROR(__xludf.DUMMYFUNCTION("IFERROR(INDEX(FILTER('棲息地'!$D$2:$D995, ISNUMBER(SEARCH($B31, '棲息地'!$D$2:$D995))), 3), """")"),"")
A32: 031 | B32: 大鋼蛇 | C32: 碾壓、重踏 | E32: 乾燥 | F32: 金屬感、感受土、石造、細長、堅硬 | G32: 酸 (番茄) | H32: =IFERROR(__xludf.DUMMYFUNCTION("IFERROR(INDEX(FILTER('棲息地'!$B$2:$B995 & "" / "" & '棲息地'!$C$2:$C995, ISNUMBER(SEARCH($B32, '棲息地'!$D$2:$D995))), 1), """")"),"鏘啷鏘啷鋼構工程 / 獨輪手推車 ×1、沙包袋 ×1、挖礦工具 ×1") -> 鏘啷鏘啷鋼構工程 / 獨輪手推車 ×1、沙包袋 ×1、挖礦工具 ×1 | I32: =IFERROR(__xludf.DUMMYFUNCTION("IFERROR(INDEX(FILTER('棲息地'!$D$2:$D995, ISNUMBER(SEARCH($B32, '棲息地'!$D$2:$D995))), 1), """")"),"大鋼蛇") -> 大鋼蛇 | J32: =IFERROR(__xludf.DUMMYFUNCTION("IFERROR(INDEX(FILTER('棲息地'!$B$2:$B995 & "" / "" & '棲息地'!$C$2:$C995, ISNUMBER(SEARCH($B32, '棲息地'!$D$2:$D995))), 2), """")"),"") | K32: =IFERROR(__xludf.DUMMYFUNCTION("IFERROR(INDEX(FILTER('棲息地'!$D$2:$D995, ISNUMBER(SEARCH($B32, '棲息地'!$D$2:$D995))), 2), """")"),"") | L32: =IFERROR(__xludf.DUMMYFUNCTION("IFERROR(INDEX(FILTER('棲息地'!$D$2:$D995, ISNUMBER(SEARCH($B32, '棲息地'!$D$2:$D995))), 3), """")"),"")
A33: 032 | B33: 卡拉卡拉 | C33: 建造 | E33: 乾燥 | F33: 感受土、建設、訓練、細長、大家一起用 | G33: 苦 (馬鈴薯) | H33: =IFERROR(__xludf.DUMMYFUNCTION("IFERROR(INDEX(FILTER('棲息地'!$B$2:$B995 & "" / "" & '棲息地'!$C$2:$C995, ISNUMBER(SEARCH($B33, '棲息地'!$D$2:$D995))), 1), """")"),"花朵纏繞的墓地 / 原野之花 ×4、墓碑 ×1") -> 花朵纏繞的墓地 / 原野之花 ×4、墓碑 ×1 | I33: =IFERROR(__xludf.DUMMYFUNCTION("IFERROR(INDEX(FILTER('棲息地'!$D$2:$D995, ISNUMBER(SEARCH($B33, '棲息地'!$D$2:$D995))), 1), """")"),"卡拉卡拉、嘎啦嘎啦") -> 卡拉卡拉、嘎啦嘎啦 | J33: =IFERROR(__xludf.DUMMYFUNCTION("IFERROR(INDEX(FILTER('棲息地'!$B$2:$B995 & "" / "" & '棲息地'!$C$2:$C995, ISNUMBER(SEARCH($B33, '棲息地'!$D$2:$D995))), 2), """")"),"") | K33: =IFERROR(__xludf.DUMMYFUNCTION("IFERROR(INDEX(FILTER('棲息地'!$D$2:$D995, ISNUMBER(SEARCH($B33, '棲息地'!$D$2:$D995))), 2), """")"),"") | L33: =IFERROR(__xludf.DUMMYFUNCTION("IFERROR(INDEX(FILTER('棲息地'!$D$2:$D995, ISNUMBER(SEARCH($B33, '棲息地'!$D$2:$D995))), 3), """")"),"")
A34: 033 | B34: 嘎啦嘎啦 | C34: 建造 | E34: 乾燥 | F34: 感受土、建設、訓練、細長、華麗 | G34: 澀 (小麥) | H34: =IFERROR(__xludf.DUMMYFUNCTION("IFERROR(INDEX(FILTER('棲息地'!$B$2:$B995 & "" / "" & '棲息地'!$C$2:$C995, ISNUMBER(SEARCH($B34, '棲息地'!$D$2:$D995))), 1), """")"),"花朵纏繞的墓地 / 原野之花 ×4、墓碑 ×1") -> 花朵纏繞的墓地 / 原野之花 ×4、墓碑 ×1 | I34: =IFERROR(__xludf.DUMMYFUNCTION("IFERROR(INDEX(FILTER('棲息地'!$D$2:$D995, ISNUMBER(SEARCH($B34, '棲息地'!$D$2:$D995))), 1), """")"),"卡拉卡拉、嘎啦嘎啦") -> 卡拉卡拉、嘎啦嘎啦 | J34: =IFERROR(__xludf.DUMMYFUNCTION("IFERROR(INDEX(FILTER('棲息地'!$B$2:$B995 & "" / "" & '棲息地'!$C$2:$C995, ISNUMBER(SEARCH($B34, '棲息地'!$D$2:$D995))), 2), """")"),"") | K34: =IFERROR(__xludf.DUMMYFUNCTION("IFERROR(INDEX(FILTER('棲息地'!$D$2:$D995, ISNUMBER(SEARCH($B34, '棲息地'!$D$2:$D995))), 2), """")"),"") | L34: =IFERROR(__xludf.DUMMYFUNCTION("IFERROR(INDEX(FILTER('棲息地'!$D$2:$D995, ISNUMBER(SEARCH($B34, '棲息地'!$D$2:$D995))), 3), """")"),"")
A35: 034 | B35: 無畏小子 | C35: 交易 | E35: 明亮 | F35: 訓練、大家一起用、布製、石造、圓形 | G35: 辣 (紅蘿蔔) | H35: =IFERROR(__xludf.DUMMYFUNCTION("IFERROR(INDEX(FILTER('棲息地'!$B$2:$B995 & "" / "" & '棲息地'!$C$2:$C995, ISNUMBER(SEARCH($B35, '棲息地'!$D$2:$D995))), 1), """")"),"修行瀑布 / 椅子(任意) ×1、水 ×2、瀑布 ×1") -> 修行瀑布 / 椅子(任意) ×1、水 ×2、瀑布 ×1 | I35: =IFERROR(__xludf.DUMMYFUNCTION("IFERROR(INDEX(FILTER('棲息地'!$D$2:$D995, ISNUMBER(SEARCH($B35, '棲息地'!$D$2:$D995))), 1), """")"),"無畏小子") -> 無畏小子 | J35: =IFERROR(__xludf.DUMMYFUNCTION("IFERROR(INDEX(FILTER('棲息地'!$B$2:$B995 & "" / "" & '棲息地'!$C$2:$C995, ISNUMBER(SEARCH($B35, '棲息地'!$D$2:$D995))), 2), """")"),"") | K35: =IFERROR(__xludf.DUMMYFUNCTION("IFERROR(INDEX(FILTER('棲息地'!$D$2:$D995, ISNUMBER(SEARCH($B35, '棲息地'!$D$2:$D995))), 2), """")"),"") | L35: =IFERROR(__xludf.DUMMYFUNCTION("IFERROR(INDEX(FILTER('棲息地'!$D$2:$D995, ISNUMBER(SEARCH($B35, '棲息地'!$D$2:$D995))), 3), """")"),"")
A36: 035 | B36: 飛腿郎 | C36: 交易 | E36: 明亮 | F36: 訓練、大家一起用、布製、石造、圓形 | G36: 辣 (紅蘿蔔) | H36: =IFERROR(__xludf.DUMMYFUNCTION("IFERROR(INDEX(FILTER('棲息地'!$B$2:$B995 & "" / "" & '棲息地'!$C$2:$C995, ISNUMBER(SEARCH($B36, '棲息地'!$D$2:$D995))), 1), """")"),"緊急救護站 / 椅子(任意) ×1、桌子(任意) ×1、急救箱 ×1") -> 緊急救護站 / 椅子(任意) ×1、桌子(任意) ×1、急救箱 ×1 | I36: =IFERROR(__xludf.DUMMYFUNCTION("IFERROR(INDEX(FILTER('棲息地'!$D$2:$D995, ISNUMBER(SEARCH($B36, '棲息地'!$D$2:$D995))), 1), """")"),"飛腿郎") -> 飛腿郎 | J36: =IFERROR(__xludf.DUMMYFUNCTION("IFERROR(INDEX(FILTER('棲息地'!$B$2:$B995 & "" / "" & '棲息地'!$C$2:$C995, ISNUMBER(SEARCH($B36, '棲息地'!$D$2:$D995))), 2), """")"),"") | K36: =IFERROR(__xludf.DUMMYFUNCTION("IFERROR(INDEX(FILTER('棲息地'!$D$2:$D995, ISNUMBER(SEARCH($B36, '棲息地'!$D$2:$D995))), 2), """")"),"") | L36: =IFERROR(__xludf.DUMMYFUNCTION("IFERROR(INDEX(FILTER('棲息地'!$D$2:$D995, ISNUMBER(SEARCH($B36, '棲息地'!$D$2:$D995))), 3), """")"),"")
A37: 036 | B37: 快拳郎 | C37: 交易 | E37: 明亮 | F37: 訓練、大家一起用、布製、石造、圓形 | G37: 甜 (桃桃果) | H37: =IFERROR(__xludf.DUMMYFUNCTION("IFERROR(INDEX(FILTER('棲息地'!$B$2:$B995 & "" / "" & '棲息地'!$C$2:$C995, ISNUMBER(SEARCH($B37, '棲息地'!$D$2:$D995))), 1), """")"),"健身區用餐區 / 沙包 ×1、椅子(任意) ×1") -> 健身區用餐區 / 沙包 ×1、椅子(任意) ×1 | I37: =IFERROR(__xludf.DUMMYFUNCTION("IFERROR(INDEX(FILTER('棲息地'!$D$2:$D995, ISNUMBER(SEARCH($B37, '棲息地'!$D$2:$D995))), 1), """")"),"快拳郎") -> 快拳郎 | J37: =IFERROR(__xludf.DUMMYFUNCTION("IFERROR(INDEX(FILTER('棲息地'!$B$2:$B995 & "" / "" & '棲息地'!$C$2:$C995, ISNUMBER(SEARCH($B37, '棲息地'!$D$2:$D995))), 2), """")"),"") | K37: =IFERROR(__xludf.DUMMYFUNCTION("IFERROR(INDEX(FILTER('棲息地'!$D$2:$D995, ISNUMBER(SEARCH($B37, '棲息地'!$D$2:$D995))), 2), """")"),"") | L37: =IFERROR(__xludf.DUMMYFUNCTION("IFERROR(INDEX(FILTER('棲息地'!$D$2:$D995, ISNUMBER(SEARCH($B37, '棲息地'!$D$2:$D995))), 3), """")"),"")
A38: 037 | B38: 戰舞郎 | C38: 交易 | E38: 明亮 | F38: 訓練、大家一起用、布製、石造、圓形 | G38: 甜 (桃桃果) | H38: =IFERROR(__xludf.DUMMYFUNCTION("IFERROR(INDEX(FILTER('棲息地'!$B$2:$B995 & "" / "" & '棲息地'!$C$2:$C995, ISNUMBER(SEARCH($B38, '棲息地'!$D$2:$D995))), 1), """")"),"健身區救護站 / 桌子(任意) ×1、沙包 ×1、急救箱 ×1") -> 健身區救護站 / 桌子(任意) ×1、沙包 ×1、急救箱 ×1 | I38: =IFERROR(__xludf.DUMMYFUNCTION("IFERROR(INDEX(FILTER('棲息地'!$D$2:$D995, ISNUMBER(SEARCH($B38, '棲息地'!$D$2:$D995))), 1), """")"),"戰舞郎") -> 戰舞郎 | J38: =IFERROR(__xludf.DUMMYFUNCTION("IFERROR(INDEX(FILTER('棲息地'!$B$2:$B995 & "" / "" & '棲息地'!$C$2:$C995, ISNUMBER(SEARCH($B38, '棲息地'!$D$2:$D995))), 2), """")"),"") | K38: =IFERROR(__xludf.DUMMYFUNCTION("IFERROR(INDEX(FILTER('棲息地'!$D$2:$D995, ISNUMBER(SEARCH($B38, '棲息地'!$D$2:$D995))), 2), """")"),"") | L38: =IFERROR(__xludf.DUMMYFUNCTION("IFERROR(INDEX(FILTER('棲息地'!$D$2:$D995, ISNUMBER(SEARCH($B38, '棲息地'!$D$2:$D995))), 3), """")"),"")
A39: 038 | B39: 瓦斯彈 | C39: 回收利用 | E39: 昏暗 | F39: 垃圾、聚集、看起來很難、柔軟、搖晃 | G39: 苦 (馬鈴薯) | H39: =IFERROR(__xludf.DUMMYFUNCTION("IFERROR(INDEX(FILTER('棲息地'!$B$2:$B995 & "" / "" & '棲息地'!$C$2:$C995, ISNUMBER(SEARCH($B39, '棲息地'!$D$2:$D995))), 1), """")"),"垃圾集中站 / 垃圾桶 ×1、告示牌 ×1、垃圾袋 ×1") -> 垃圾集中站 / 垃圾桶 ×1、告示牌 ×1、垃圾袋 ×1 | I39: =IFERROR(__xludf.DUMMYFUNCTION("IFERROR(INDEX(FILTER('棲息地'!$D$2:$D995, ISNUMBER(SEARCH($B39, '棲息地'!$D$2:$D995))), 1), """")"),"破破袋、瓦斯彈（空空鎮)、雙彈瓦斯（空空鎮)、灰塵山") -> 破破袋、瓦斯彈（空空鎮)、雙彈瓦斯（空空鎮)、灰塵山 | J39: =IFERROR(__xludf.DUMMYFUNCTION("IFERROR(INDEX(FILTER('棲息地'!$B$2:$B995 & "" / "" & '棲息地'!$C$2:$C995, ISNUMBER(SEARCH($B39, '棲息地'!$D$2:$D995))), 2), """")"),"") | K39: =IFERROR(__xludf.DUMMYFUNCTION("IFERROR(INDEX(FILTER('棲息地'!$D$2:$D995, ISNUMBER(SEARCH($B39, '棲息地'!$D$2:$D995))), 2), """")"),"") | L39: =IFERROR(__xludf.DUMMYFUNCTION("IFERROR(INDEX(FILTER('棲息地'!$D$2:$D995, ISNUMBER(SEARCH($B39, '棲息地'!$D$2:$D995))), 3), """")"),"")
A40: 039 | B40: 雙彈瓦斯 | C40: 回收利用 | E40: 昏暗 | F40: 垃圾、聚集、看起來很難、柔軟、搖晃 | G40: 苦 (馬鈴薯) | H40: =IFERROR(__xludf.DUMMYFUNCTION("IFERROR(INDEX(FILTER('棲息地'!$B$2:$B995 & "" / "" & '棲息地'!$C$2:$C995, ISNUMBER(SEARCH($B40, '棲息地'!$D$2:$D995))), 1), """")"),"懷舊古董 / 古董衣櫃/床鋪/梳妝台/椅子 各1") -> 懷舊古董 / 古董衣櫃/床鋪/梳妝台/椅子 各1 | I40: =IFERROR(__xludf.DUMMYFUNCTION("IFERROR(INDEX(FILTER('棲息地'!$D$2:$D995, ISNUMBER(SEARCH($B40, '棲息地'!$D$2:$D995))), 1), """")"),"雙彈瓦斯（★）、卡比獸（★）") -> 雙彈瓦斯（★）、卡比獸（★） | J40: =IFERROR(__xludf.DUMMYFUNCTION("IFERROR(INDEX(FILTER('棲息地'!$B$2:$B995 & "" / "" & '棲息地'!$C$2:$C995, ISNUMBER(SEARCH($B40, '棲息地'!$D$2:$D995))), 2), """")"),"垃圾集中站 / 垃圾桶 ×1、告示牌 ×1、垃圾袋 ×1") -> 垃圾集中站 / 垃圾桶 ×1、告示牌 ×1、垃圾袋 ×1 | K40: =IFERROR(__xludf.DUMMYFUNCTION("IFERROR(INDEX(FILTER('棲息地'!$D$2:$D995, ISNUMBER(SEARCH($B40, '棲息地'!$D$2:$D995))), 2), """")"),"破破袋、瓦斯彈（空空鎮)、雙彈瓦斯（空空鎮)、灰塵山") -> 破破袋、瓦斯彈（空空鎮)、雙彈瓦斯（空空鎮)、灰塵山 | L40: =IFERROR(__xludf.DUMMYFUNCTION("IFERROR(INDEX(FILTER('棲息地'!$D$2:$D995, ISNUMBER(SEARCH($B40, '棲息地'!$D$2:$D995))), 3), """")"),"")
A41: 040 | B41: 蔓藤怪 | C41: 栽培、亂撒 | D41: 藤蔓繩 | E41: 明亮 | F41: 感受自然、感受水、聚集、花朵盛開、細長 | G41: 酸 (番茄) | H41: =IFERROR(__xludf.DUMMYFUNCTION("IFERROR(INDEX(FILTER('棲息地'!$B$2:$B995 & "" / "" & '棲息地'!$C$2:$C995, ISNUMBER(SEARCH($B41, '棲息地'!$D$2:$D995))), 1), """")"),"滿滿是寶可夢球 / 寶可夢球桌燈/床鋪/桌子/沙發 各1") -> 滿滿是寶可夢球 / 寶可夢球桌燈/床鋪/桌子/沙發 各1 | I41: =IFERROR(__xludf.DUMMYFUNCTION("IFERROR(INDEX(FILTER('棲息地'!$D$2:$D995, ISNUMBER(SEARCH($B41, '棲息地'!$D$2:$D995))), 1), """")"),"蔓藤怪（★）") -> 蔓藤怪（★） | J41: =IFERROR(__xludf.DUMMYFUNCTION("IFERROR(INDEX(FILTER('棲息地'!$B$2:$B995 & "" / "" & '棲息地'!$C$2:$C995, ISNUMBER(SEARCH($B41, '棲息地'!$D$2:$D995))), 2), """")"),"") | K41: =IFERROR(__xludf.DUMMYFUNCTION("IFERROR(INDEX(FILTER('棲息地'!$D$2:$D995, ISNUMBER(SEARCH($B41, '棲息地'!$D$2:$D995))), 2), """")"),"") | L41: =IFERROR(__xludf.DUMMYFUNCTION("IFERROR(INDEX(FILTER('棲息地'!$D$2:$D995, ISNUMBER(SEARCH($B41, '棲息地'!$D$2:$D995))), 3), """")"),"")
A42: 041 | B42: 巨蔓藤 | C42: 栽培、亂撒 | D42: 藤蔓繩 | E42: 滋潤 | F42: 感受自然、感受水、聚集、花朵盛開、觀賞樂趣 | G42: 苦 (馬鈴薯) | H42: =IFERROR(__xludf.DUMMYFUNCTION("IFERROR(INDEX(FILTER('棲息地'!$B$2:$B995 & "" / "" & '棲息地'!$C$2:$C995, ISNUMBER(SEARCH($B42, '棲息地'!$D$2:$D995))), 1), """")"),"綠色的長椅 / 樹籬(任意) ×2、椅子(長條) ×1") -> 綠色的長椅 / 樹籬(任意) ×2、椅子(長條) ×1 | I42: =IFERROR(__xludf.DUMMYFUNCTION("IFERROR(INDEX(FILTER('棲息地'!$D$2:$D995, ISNUMBER(SEARCH($B42, '棲息地'!$D$2:$D995))), 1), """")"),"妙蛙種子、妙蛙草、巨蔓藤(需連線去對方的島)") -> 妙蛙種子、妙蛙草、巨蔓藤(需連線去對方的島) | J42: =IFERROR(__xludf.DUMMYFUNCTION("IFERROR(INDEX(FILTER('棲息地'!$B$2:$B995 & "" / "" & '棲息地'!$C$2:$C995, ISNUMBER(SEARCH($B42, '棲息地'!$D$2:$D995))), 2), """")"),"博士的寶物 / 遺失物(大型) ×1、床鋪(全部) ×1、博士的寶物 ×1") -> 博士的寶物 / 遺失物(大型) ×1、床鋪(全部) ×1、博士的寶物 ×1 | K42: =IFERROR(__xludf.DUMMYFUNCTION("IFERROR(INDEX(FILTER('棲息地'!$D$2:$D995, ISNUMBER(SEARCH($B42, '棲息地'!$D$2:$D995))), 2), """")"),"巨蔓藤博士（★）") -> 巨蔓藤博士（★） | L42: =IFERROR(__xludf.DUMMYFUNCTION("IFERROR(INDEX(FILTER('棲息地'!$D$2:$D995, ISNUMBER(SEARCH($B42, '棲息地'!$D$2:$D995))), 3), """")"),"")
A43: 041 | B43: 巨蔓藤博士 | C43: 鑑定 | E43: 滋潤 | F43: 感受自然、看起來很難、有文字、不可思議、大家一起用 | G43: 澀 (小麥) | H43: =IFERROR(__xludf.DUMMYFUNCTION("IFERROR(INDEX(FILTER('棲息地'!$B$2:$B995 & "" / "" & '棲息地'!$C$2:$C995, ISNUMBER(SEARCH($B43, '棲息地'!$D$2:$D995))), 1), """")"),"博士的寶物 / 遺失物(大型) ×1、床鋪(全部) ×1、博士的寶物 ×1") -> 博士的寶物 / 遺失物(大型) ×1、床鋪(全部) ×1、博士的寶物 ×1 | I43: =IFERROR(__xludf.DUMMYFUNCTION("IFERROR(INDEX(FILTER('棲息地'!$D$2:$D995, ISNUMBER(SEARCH($B43, '棲息地'!$D$2:$D995))), 1), """")"),"巨蔓藤博士（★）") -> 巨蔓藤博士（★） | J43: =IFERROR(__xludf.DUMMYFUNCTION("IFERROR(INDEX(FILTER('棲息地'!$B$2:$B995 & "" / "" & '棲息地'!$C$2:$C995, ISNUMBER(SEARCH($B43, '棲息地'!$D$2:$D995))), 2), """")"),"") | K43: =IFERROR(__xludf.DUMMYFUNCTION("IFERROR(INDEX(FILTER('棲息地'!$D$2:$D995, ISNUMBER(SEARCH($B43, '棲息地'!$D$2:$D995))), 2), """")"),"") | L43: =IFERROR(__xludf.DUMMYFUNCTION("IFERROR(INDEX(FILTER('棲息地'!$D$2:$D995, ISNUMBER(SEARCH($B43, '棲息地'!$D$2:$D995))), 3), """")"),"")
A44: 042 | B44: 飛天螳螂 | C44: 伐木 | E44: 明亮 | F44: 感受自然、木製、訓練、感受風、尖銳 | G44: 辣 (紅蘿蔔) | H44: =IFERROR(__xludf.DUMMYFUNCTION("IFERROR(INDEX(FILTER('棲息地'!$B$2:$B995 & "" / "" & '棲息地'!$C$2:$C995, ISNUMBER(SEARCH($B44, '棲息地'!$D$2:$D995))), 1), """")"),"樹蔭的草叢 / 大樹 ×1、綠草 ×4") -> 樹蔭的草叢 / 大樹 ×1、綠草 ×4 | I44: =IFERROR(__xludf.DUMMYFUNCTION("IFERROR(INDEX(FILTER('棲息地'!$D$2:$D995, ISNUMBER(SEARCH($B44, '棲息地'!$D$2:$D995))), 1), """")"),"飛天螳螂、喇叭芽、巨鉗螳螂（空空鎮)、赫拉克羅斯、凱羅斯、貪心栗鼠（空空鎮)") -> 飛天螳螂、喇叭芽、巨鉗螳螂（空空鎮)、赫拉克羅斯、凱羅斯、貪心栗鼠（空空鎮) | J44: =IFERROR(__xludf.DUMMYFUNCTION("IFERROR(INDEX(FILTER('棲息地'!$B$2:$B995 & "" / "" & '棲息地'!$C$2:$C995, ISNUMBER(SEARCH($B44, '棲息地'!$D$2:$D995))), 2), """")"),"") | K44: =IFERROR(__xludf.DUMMYFUNCTION("IFERROR(INDEX(FILTER('棲息地'!$D$2:$D995, ISNUMBER(SEARCH($B44, '棲息地'!$D$2:$D995))), 2), """")"),"") | L44: =IFERROR(__xludf.DUMMYFUNCTION("IFERROR(INDEX(FILTER('棲息地'!$D$2:$D995, ISNUMBER(SEARCH($B44, '棲息地'!$D$2:$D995))), 3), """")"),"")
A45: 043 | B45: 巨鉗螳螂 | C45: 伐木 | E45: 明亮 | F45: 感受自然、金屬感、木製、堅硬、訓練 | G45: 苦 (馬鈴薯) | H45: =IFERROR(__xludf.DUMMYFUNCTION("IFERROR(INDEX(FILTER('棲息地'!$B$2:$B995 & "" / "" & '棲息地'!$C$2:$C995, ISNUMBER(SEARCH($B45, '棲息地'!$D$2:$D995))), 1), """")"),"樹蔭的草叢 / 大樹 ×1、綠草 ×4") -> 樹蔭的草叢 / 大樹 ×1、綠草 ×4 | I45: =IFERROR(__xludf.DUMMYFUNCTION("IFERROR(INDEX(FILTER('棲息地'!$D$2:$D995, ISNUMBER(SEARCH($B45, '棲息地'!$D$2:$D995))), 1), """")"),"飛天螳螂、喇叭芽、巨鉗螳螂（空空鎮)、赫拉克羅斯、凱羅斯、貪心栗鼠（空空鎮)") -> 飛天螳螂、喇叭芽、巨鉗螳螂（空空鎮)、赫拉克羅斯、凱羅斯、貪心栗鼠（空空鎮) | J45: =IFERROR(__xludf.DUMMYFUNCTION("IFERROR(INDEX(FILTER('棲息地'!$B$2:$B995 & "" / "" & '棲息地'!$C$2:$C995, ISNUMBER(SEARCH($B45, '棲息地'!$D$2:$D995))), 2), """")"),"") | K45: =IFERROR(__xludf.DUMMYFUNCTION("IFERROR(INDEX(FILTER('棲息地'!$D$2:$D995, ISNUMBER(SEARCH($B45, '棲息地'!$D$2:$D995))), 2), """")"),"") | L45: =IFERROR(__xludf.DUMMYFUNCTION("IFERROR(INDEX(FILTER('棲息地'!$D$2:$D995, ISNUMBER(SEARCH($B45, '棲息地'!$D$2:$D995))), 3), """")"),"")
A46: 044 | B46: 凱羅斯 | C46: 伐木、建造 | E46: 明亮 | F46: 感受自然、木製、花朵盛開、尖銳、訓練 | G46: 辣 (紅蘿蔔) | H46: =IFERROR(__xludf.DUMMYFUNCTION("IFERROR(INDEX(FILTER('棲息地'!$B$2:$B995 & "" / "" & '棲息地'!$C$2:$C995, ISNUMBER(SEARCH($B46, '棲息地'!$D$2:$D995))), 1), """")"),"樹蔭的草叢 / 大樹 ×1、綠草 ×4") -> 樹蔭的草叢 / 大樹 ×1、綠草 ×4 | I46: =IFERROR(__xludf.DUMMYFUNCTION("IFERROR(INDEX(FILTER('棲息地'!$D$2:$D995, ISNUMBER(SEARCH($B46, '棲息地'!$D$2:$D995))), 1), """")"),"飛天螳螂、喇叭芽、巨鉗螳螂（空空鎮)、赫拉克羅斯、凱羅斯、貪心栗鼠（空空鎮)") -> 飛天螳螂、喇叭芽、巨鉗螳螂（空空鎮)、赫拉克羅斯、凱羅斯、貪心栗鼠（空空鎮) | J46: =IFERROR(__xludf.DUMMYFUNCTION("IFERROR(INDEX(FILTER('棲息地'!$B$2:$B995 & "" / "" & '棲息地'!$C$2:$C995, ISNUMBER(SEARCH($B46, '棲息地'!$D$2:$D995))), 2), """")"),"") | K46: =IFERROR(__xludf.DUMMYFUNCTION("IFERROR(INDEX(FILTER('棲息地'!$D$2:$D995, ISNUMBER(SEARCH($B46, '棲息地'!$D$2:$D995))), 2), """")"),"") | L46: =IFERROR(__xludf.DUMMYFUNCTION("IFERROR(INDEX(FILTER('棲息地'!$D$2:$D995, ISNUMBER(SEARCH($B46, '棲息地'!$D$2:$D995))), 3), """")"),"")
A47: 045 | B47: 鯉魚王 | C47: 不明 | E47: 滋潤 | F47: 感受水、感受海、大家一起用、交通工具、搖晃 | G47: 甜 (桃桃果) | H47: =IFERROR(__xludf.DUMMYFUNCTION("IFERROR(INDEX(FILTER('棲息地'!$B$2:$B995 & "" / "" & '棲息地'!$C$2:$C995, ISNUMBER(SEARCH($B47, '棲息地'!$D$2:$D995))), 1), """")"),"海釣 / 釣竿 ×1、椅子 ×1、海水 ×1") -> 海釣 / 釣竿 ×1、椅子 ×1、海水 ×1 | I47: =IFERROR(__xludf.DUMMYFUNCTION("IFERROR(INDEX(FILTER('棲息地'!$D$2:$D995, ISNUMBER(SEARCH($B47, '棲息地'!$D$2:$D995))), 1), """")"),"鯉魚王、海兔獸") -> 鯉魚王、海兔獸 | J47: =IFERROR(__xludf.DUMMYFUNCTION("IFERROR(INDEX(FILTER('棲息地'!$B$2:$B995 & "" / "" & '棲息地'!$C$2:$C995, ISNUMBER(SEARCH($B47, '棲息地'!$D$2:$D995))), 2), """")"),"") | K47: =IFERROR(__xludf.DUMMYFUNCTION("IFERROR(INDEX(FILTER('棲息地'!$D$2:$D995, ISNUMBER(SEARCH($B47, '棲息地'!$D$2:$D995))), 2), """")"),"") | L47: =IFERROR(__xludf.DUMMYFUNCTION("IFERROR(INDEX(FILTER('棲息地'!$D$2:$D995, ISNUMBER(SEARCH($B47, '棲息地'!$D$2:$D995))), 3), """")"),"")
A48: 046 | B48: 暴鯉龍 | C48: 滋潤 | E48: 滋潤 | F48: 感受水、感受海、感受風、整潔、細長 | G48: 辣 (紅蘿蔔) | H48: =IFERROR(__xludf.DUMMYFUNCTION("IFERROR(INDEX(FILTER('棲息地'!$B$2:$B995 & "" / "" & '棲息地'!$C$2:$C995, ISNUMBER(SEARCH($B48, '棲息地'!$D$2:$D995))), 1), """")"),"光照的瀑布 / 水 ×3、踏石 ×3、火炬 ×2、瀑布 ×1") -> 光照的瀑布 / 水 ×3、踏石 ×3、火炬 ×2、瀑布 ×1 | I48: =IFERROR(__xludf.DUMMYFUNCTION("IFERROR(INDEX(FILTER('棲息地'!$D$2:$D995, ISNUMBER(SEARCH($B48, '棲息地'!$D$2:$D995))), 1), """")"),"暴鯉龍（★）") -> 暴鯉龍（★） | J48: =IFERROR(__xludf.DUMMYFUNCTION("IFERROR(INDEX(FILTER('棲息地'!$B$2:$B995 & "" / "" & '棲息地'!$C$2:$C995, ISNUMBER(SEARCH($B48, '棲息地'!$D$2:$D995))), 2), """")"),"") | K48: =IFERROR(__xludf.DUMMYFUNCTION("IFERROR(INDEX(FILTER('棲息地'!$D$2:$D995, ISNUMBER(SEARCH($B48, '棲息地'!$D$2:$D995))), 2), """")"),"") | L48: =IFERROR(__xludf.DUMMYFUNCTION("IFERROR(INDEX(FILTER('棲息地'!$D$2:$D995, ISNUMBER(SEARCH($B48, '棲息地'!$D$2:$D995))), 3), """")"),"")
A49: 047 | B49: 百變怪 | C49: 變身 | D49: - | E49: - | F49: - | G49: - | H49: =IFERROR(__xludf.DUMMYFUNCTION("IFERROR(INDEX(FILTER('棲息地'!$B$2:$B995 & "" / "" & '棲息地'!$C$2:$C995, ISNUMBER(SEARCH($B49, '棲息地'!$D$2:$D995))), 1), """")"),"") | I49: =IFERROR(__xludf.DUMMYFUNCTION("IFERROR(INDEX(FILTER('棲息地'!$D$2:$D995, ISNUMBER(SEARCH($B49, '棲息地'!$D$2:$D995))), 1), """")"),"") | J49: =IFERROR(__xludf.DUMMYFUNCTION("IFERROR(INDEX(FILTER('棲息地'!$B$2:$B995 & "" / "" & '棲息地'!$C$2:$C995, ISNUMBER(SEARCH($B49, '棲息地'!$D$2:$D995))), 2), """")"),"") | K49: =IFERROR(__xludf.DUMMYFUNCTION("IFERROR(INDEX(FILTER('棲息地'!$D$2:$D995, ISNUMBER(SEARCH($B49, '棲息地'!$D$2:$D995))), 2), """")"),"") | L49: =IFERROR(__xludf.DUMMYFUNCTION("IFERROR(INDEX(FILTER('棲息地'!$D$2:$D995, ISNUMBER(SEARCH($B49, '棲息地'!$D$2:$D995))), 3), """")"),"")
A50: 048 | B50: 咕咕 | C50: 飛翔、交易 | E50: 昏暗 | F50: 柔軟、感受風、布製、搖晃、觀賞樂趣 | G50: 澀 (小麥) | H50: =IFERROR(__xludf.DUMMYFUNCTION("IFERROR(INDEX(FILTER('棲息地'!$B$2:$B995 & "" / "" & '棲息地'!$C$2:$C995, ISNUMBER(SEARCH($B50, '棲息地'!$D$2:$D995))), 1), """")"),"高崗的草叢 / 綠草 ×4、高處 ×1") -> 高崗的草叢 / 綠草 ×4、高處 ×1 | I50: =IFERROR(__xludf.DUMMYFUNCTION("IFERROR(INDEX(FILTER('棲息地'!$D$2:$D995, ISNUMBER(SEARCH($B50, '棲息地'!$D$2:$D995))), 1), """")"),"咕咕、波波、比比鳥") -> 咕咕、波波、比比鳥 | J50: =IFERROR(__xludf.DUMMYFUNCTION("IFERROR(INDEX(FILTER('棲息地'!$B$2:$B995 & "" / "" & '棲息地'!$C$2:$C995, ISNUMBER(SEARCH($B50, '棲息地'!$D$2:$D995))), 2), """")"),"漂亮的花田 / 原野之花 ×4") -> 漂亮的花田 / 原野之花 ×4 | K50: =IFERROR(__xludf.DUMMYFUNCTION("IFERROR(INDEX(FILTER('棲息地'!$D$2:$D995, ISNUMBER(SEARCH($B50, '棲息地'!$D$2:$D995))), 2), """")"),"咕咕、三蜜蜂、伊布、波波（空空鎮)、鴨嘴寶寶（空空鎮)") -> 咕咕、三蜜蜂、伊布、波波（空空鎮)、鴨嘴寶寶（空空鎮) | L50: =IFERROR(__xludf.DUMMYFUNCTION("IFERROR(INDEX(FILTER('棲息地'!$D$2:$D995, ISNUMBER(SEARCH($B50, '棲息地'!$D$2:$D995))), 3), """")"),"咕咕、貓頭夜鷹") -> 咕咕、貓頭夜鷹
A51: 049 | B51: 貓頭夜鷹 | C51: 飛翔、交易 | E51: 昏暗 | F51: 柔軟、感受風、有文字、容器、觀賞樂趣 | G51: 澀 (小麥) | H51: =IFERROR(__xludf.DUMMYFUNCTION("IFERROR(INDEX(FILTER('棲息地'!$B$2:$B995 & "" / "" & '棲息地'!$C$2:$C995, ISNUMBER(SEARCH($B51, '棲息地'!$D$2:$D995))), 1), """")"),"柔光伴好眠 / 床鋪(任意) ×1、桌子(任意) ×1、細長蠟燭 ×1") -> 柔光伴好眠 / 床鋪(任意) ×1、桌子(任意) ×1、細長蠟燭 ×1 | I51: =IFERROR(__xludf.DUMMYFUNCTION("IFERROR(INDEX(FILTER('棲息地'!$D$2:$D995, ISNUMBER(SEARCH($B51, '棲息地'!$D$2:$D995))), 1), """")"),"咕咕、貓頭夜鷹") -> 咕咕、貓頭夜鷹 | J51: =IFERROR(__xludf.DUMMYFUNCTION("IFERROR(INDEX(FILTER('棲息地'!$B$2:$B995 & "" / "" & '棲息地'!$C$2:$C995, ISNUMBER(SEARCH($B51, '棲息地'!$D$2:$D995))), 2), """")"),"") | K51: =IFERROR(__xludf.DUMMYFUNCTION("IFERROR(INDEX(FILTER('棲息地'!$D$2:$D995, ISNUMBER(SEARCH($B51, '棲息地'!$D$2:$D995))), 2), """")"),"") | L51: =IFERROR(__xludf.DUMMYFUNCTION("IFERROR(INDEX(FILTER('棲息地'!$D$2:$D995, ISNUMBER(SEARCH($B51, '棲息地'!$D$2:$D995))), 3), """")"),"")
A52: 050 | B52: 赫拉克羅斯 | C52: 伐木、建造 | E52: 明亮 | F52: 感受自然、木製、花朵盛開、像食物、訓練 | G52: 甜 (桃桃果) | H52: =IFERROR(__xludf.DUMMYFUNCTION("IFERROR(INDEX(FILTER('棲息地'!$B$2:$B995 & "" / "" & '棲息地'!$C$2:$C995, ISNUMBER(SEARCH($B52, '棲息地'!$D$2:$D995))), 1), """")"),"樹蔭的草叢 / 大樹 ×1、綠草 ×4") -> 樹蔭的草叢 / 大樹 ×1、綠草 ×4 | I52: =IFERROR(__xludf.DUMMYFUNCTION("IFERROR(INDEX(FILTER('棲息地'!$D$2:$D995, ISNUMBER(SEARCH($B52, '棲息地'!$D$2:$D995))), 1), """")"),"飛天螳螂、喇叭芽、巨鉗螳螂（空空鎮)、赫拉克羅斯、凱羅斯、貪心栗鼠（空空鎮)") -> 飛天螳螂、喇叭芽、巨鉗螳螂（空空鎮)、赫拉克羅斯、凱羅斯、貪心栗鼠（空空鎮) | J52: =IFERROR(__xludf.DUMMYFUNCTION("IFERROR(INDEX(FILTER('棲息地'!$B$2:$B995 & "" / "" & '棲息地'!$C$2:$C995, ISNUMBER(SEARCH($B52, '棲息地'!$D$2:$D995))), 2), """")"),"") | K52: =IFERROR(__xludf.DUMMYFUNCTION("IFERROR(INDEX(FILTER('棲息地'!$D$2:$D995, ISNUMBER(SEARCH($B52, '棲息地'!$D$2:$D995))), 2), """")"),"") | L52: =IFERROR(__xludf.DUMMYFUNCTION("IFERROR(INDEX(FILTER('棲息地'!$D$2:$D995, ISNUMBER(SEARCH($B52, '棲息地'!$D$2:$D995))), 3), """")"),"")
A53: 051 | B53: 電螢蟲 | C53: 帶動氣氛 | E53: 昏暗 | F53: 感受自然、木製、閃閃發光、可愛、大家一起用 | G53: 甜 (桃桃果) | H53: =IFERROR(__xludf.DUMMYFUNCTION("IFERROR(INDEX(FILTER('棲息地'!$B$2:$B995 & "" / "" & '棲息地'!$C$2:$C995, ISNUMBER(SEARCH($B53, '棲息地'!$D$2:$D995))), 1), """")"),"濕潤的花田 / 原野之花 ×4、水 ×2") -> 濕潤的花田 / 原野之花 ×4、水 ×2 | I53: =IFERROR(__xludf.DUMMYFUNCTION("IFERROR(INDEX(FILTER('棲息地'!$D$2:$D995, ISNUMBER(SEARCH($B53, '棲息地'!$D$2:$D995))), 1), """")"),"甜甜螢、電螢蟲") -> 甜甜螢、電螢蟲 | J53: =IFERROR(__xludf.DUMMYFUNCTION("IFERROR(INDEX(FILTER('棲息地'!$B$2:$B995 & "" / "" & '棲息地'!$C$2:$C995, ISNUMBER(SEARCH($B53, '棲息地'!$D$2:$D995))), 2), """")"),"") | K53: =IFERROR(__xludf.DUMMYFUNCTION("IFERROR(INDEX(FILTER('棲息地'!$D$2:$D995, ISNUMBER(SEARCH($B53, '棲息地'!$D$2:$D995))), 2), """")"),"") | L53: =IFERROR(__xludf.DUMMYFUNCTION("IFERROR(INDEX(FILTER('棲息地'!$D$2:$D995, ISNUMBER(SEARCH($B53, '棲息地'!$D$2:$D995))), 3), """")"),"")
A54: 052 | B54: 甜甜螢 | C54: 帶動氣氛 | E54: 昏暗 | F54: 感受自然、木製、閃閃發光、可愛、大家一起用 | G54: 酸 (番茄) | H54: =IFERROR(__xludf.DUMMYFUNCTION("IFERROR(INDEX(FILTER('棲息地'!$B$2:$B995 & "" / "" & '棲息地'!$C$2:$C995, ISNUMBER(SEARCH($B54, '棲息地'!$D$2:$D995))), 1), """")"),"濕潤的花田 / 原野之花 ×4、水 ×2") -> 濕潤的花田 / 原野之花 ×4、水 ×2 | I54: =IFERROR(__xludf.DUMMYFUNCTION("IFERROR(INDEX(FILTER('棲息地'!$D$2:$D995, ISNUMBER(SEARCH($B54, '棲息地'!$D$2:$D995))), 1), """")"),"甜甜螢、電螢蟲") -> 甜甜螢、電螢蟲 | J54: =IFERROR(__xludf.DUMMYFUNCTION("IFERROR(INDEX(FILTER('棲息地'!$B$2:$B995 & "" / "" & '棲息地'!$C$2:$C995, ISNUMBER(SEARCH($B54, '棲息地'!$D$2:$D995))), 2), """")"),"") | K54: =IFERROR(__xludf.DUMMYFUNCTION("IFERROR(INDEX(FILTER('棲息地'!$D$2:$D995, ISNUMBER(SEARCH($B54, '棲息地'!$D$2:$D995))), 2), """")"),"") | L54: =IFERROR(__xludf.DUMMYFUNCTION("IFERROR(INDEX(FILTER('棲息地'!$D$2:$D995, ISNUMBER(SEARCH($B54, '棲息地'!$D$2:$D995))), 3), """")"),"")
A55: 053 | B55: 溶食獸 | C55: 收納 | E55: 滋潤 | F55: 可愛、像食物、圓形、容器、五彩繽紛 | G55: 辣 (紅蘿蔔) | H55: =IFERROR(__xludf.DUMMYFUNCTION("IFERROR(INDEX(FILTER('棲息地'!$B$2:$B995 & "" / "" & '棲息地'!$C$2:$C995, ISNUMBER(SEARCH($B55, '棲息地'!$D$2:$D995))), 1), """")"),"餓肚肚用餐區 / 椅子(任意) ×1、桌子(任意) ×1、盤子上的食物 ×1") -> 餓肚肚用餐區 / 椅子(任意) ×1、桌子(任意) ×1、盤子上的食物 ×1 | I55: =IFERROR(__xludf.DUMMYFUNCTION("IFERROR(INDEX(FILTER('棲息地'!$D$2:$D995, ISNUMBER(SEARCH($B55, '棲息地'!$D$2:$D995))), 1), """")"),"溶食獸") -> 溶食獸 | J55: =IFERROR(__xludf.DUMMYFUNCTION("IFERROR(INDEX(FILTER('棲息地'!$B$2:$B995 & "" / "" & '棲息地'!$C$2:$C995, ISNUMBER(SEARCH($B55, '棲息地'!$D$2:$D995))), 2), """")"),"") | K55: =IFERROR(__xludf.DUMMYFUNCTION("IFERROR(INDEX(FILTER('棲息地'!$D$2:$D995, ISNUMBER(SEARCH($B55, '棲息地'!$D$2:$D995))), 2), """")"),"") | L55: =IFERROR(__xludf.DUMMYFUNCTION("IFERROR(INDEX(FILTER('棲息地'!$D$2:$D995, ISNUMBER(SEARCH($B55, '棲息地'!$D$2:$D995))), 3), """")"),"")
A56: 054 | B56: 吞食獸 | C56: 收納 | E56: 滋潤 | F56: 垃圾、像食物、圓形、容器、五彩繽紛 | G56: 苦 (馬鈴薯) | H56: =IFERROR(__xludf.DUMMYFUNCTION("IFERROR(INDEX(FILTER('棲息地'!$B$2:$B995 & "" / "" & '棲息地'!$C$2:$C995, ISNUMBER(SEARCH($B56, '棲息地'!$D$2:$D995))), 1), """")"),"充滿期待的餐桌 / 派對餐盤 ×4、椅子(長) ×2、桌子(大) ×1") -> 充滿期待的餐桌 / 派對餐盤 ×4、椅子(長) ×2、桌子(大) ×1 | I56: =IFERROR(__xludf.DUMMYFUNCTION("IFERROR(INDEX(FILTER('棲息地'!$D$2:$D995, ISNUMBER(SEARCH($B56, '棲息地'!$D$2:$D995))), 1), """")"),"吞食獸（★）") -> 吞食獸（★） | J56: =IFERROR(__xludf.DUMMYFUNCTION("IFERROR(INDEX(FILTER('棲息地'!$B$2:$B995 & "" / "" & '棲息地'!$C$2:$C995, ISNUMBER(SEARCH($B56, '棲息地'!$D$2:$D995))), 2), """")"),"") | K56: =IFERROR(__xludf.DUMMYFUNCTION("IFERROR(INDEX(FILTER('棲息地'!$D$2:$D995, ISNUMBER(SEARCH($B56, '棲息地'!$D$2:$D995))), 2), """")"),"") | L56: =IFERROR(__xludf.DUMMYFUNCTION("IFERROR(INDEX(FILTER('棲息地'!$D$2:$D995, ISNUMBER(SEARCH($B56, '棲息地'!$D$2:$D995))), 3), """")"),"")
A57: 055 | B57: 刺球仙人掌 | C57: 栽培 | E57: 乾燥 | F57: 感受自然、花朵盛開、可愛、圓形、尖銳 | G57: 辣 (紅蘿蔔) | H57: =IFERROR(__xludf.DUMMYFUNCTION("IFERROR(INDEX(FILTER('棲息地'!$B$2:$B995 & "" / "" & '棲息地'!$C$2:$C995, ISNUMBER(SEARCH($B57, '棲息地'!$D$2:$D995))), 1), """")"),"大晴天地點 / 晴天漂浮泡泡娃娃 ×2、盤子上的食物 ×1") -> 大晴天地點 / 晴天漂浮泡泡娃娃 ×2、盤子上的食物 ×1 | I57: =IFERROR(__xludf.DUMMYFUNCTION("IFERROR(INDEX(FILTER('棲息地'!$D$2:$D995, ISNUMBER(SEARCH($B57, '棲息地'!$D$2:$D995))), 1), """")"),"刺球仙人掌") -> 刺球仙人掌 | J57: =IFERROR(__xludf.DUMMYFUNCTION("IFERROR(INDEX(FILTER('棲息地'!$B$2:$B995 & "" / "" & '棲息地'!$C$2:$C995, ISNUMBER(SEARCH($B57, '棲息地'!$D$2:$D995))), 2), """")"),"") | K57: =IFERROR(__xludf.DUMMYFUNCTION("IFERROR(INDEX(FILTER('棲息地'!$D$2:$D995, ISNUMBER(SEARCH($B57, '棲息地'!$D$2:$D995))), 2), """")"),"") | L57: =IFERROR(__xludf.DUMMYFUNCTION("IFERROR(INDEX(FILTER('棲息地'!$D$2:$D995, ISNUMBER(SEARCH($B57, '棲息地'!$D$2:$D995))), 3), """")"),"")
A58: 056 | B58: 夢歌仙人掌 | C58: 栽培、亂撒 | D58: 結實的樹枝 | E58: 乾燥 | F58: 感受自然、感受風、華麗、閃閃發光、尖銳 | G58: 澀 (小麥) | H58: =IFERROR(__xludf.DUMMYFUNCTION("IFERROR(INDEX(FILTER('棲息地'!$B$2:$B995 & "" / "" & '棲息地'!$C$2:$C995, ISNUMBER(SEARCH($B58, '棲息地'!$D$2:$D995))), 1), """")"),"樹蔭的花田 / 原野之花 ×4") -> 樹蔭的花田 / 原野之花 ×4 | I58: =IFERROR(__xludf.DUMMYFUNCTION("IFERROR(INDEX(FILTER('棲息地'!$D$2:$D995, ISNUMBER(SEARCH($B58, '棲息地'!$D$2:$D995))), 1), """")"),"黏黏寶、夢歌仙人掌、鍬農炮蟲（空空鎮)") -> 黏黏寶、夢歌仙人掌、鍬農炮蟲（空空鎮) | J58: =IFERROR(__xludf.DUMMYFUNCTION("IFERROR(INDEX(FILTER('棲息地'!$B$2:$B995 & "" / "" & '棲息地'!$C$2:$C995, ISNUMBER(SEARCH($B58, '棲息地'!$D$2:$D995))), 2), """")"),"") | K58: =IFERROR(__xludf.DUMMYFUNCTION("IFERROR(INDEX(FILTER('棲息地'!$D$2:$D995, ISNUMBER(SEARCH($B58, '棲息地'!$D$2:$D995))), 2), """")"),"") | L58: =IFERROR(__xludf.DUMMYFUNCTION("IFERROR(INDEX(FILTER('棲息地'!$D$2:$D995, ISNUMBER(SEARCH($B58, '棲息地'!$D$2:$D995))), 3), """")"),"")
A59: 057 | B59: 三蜜蜂 | C59: 亂撒 | D59: 甜甜蜜 | E59: 明亮 | F59: 感受自然、感受風、木製、聚集、大家一起用 | G59: 甜 (桃桃果) | H59: =IFERROR(__xludf.DUMMYFUNCTION("IFERROR(INDEX(FILTER('棲息地'!$B$2:$B995 & "" / "" & '棲息地'!$C$2:$C995, ISNUMBER(SEARCH($B59, '棲息地'!$D$2:$D995))), 1), """")"),"漂亮的花田 / 原野之花 ×4") -> 漂亮的花田 / 原野之花 ×4 | I59: =IFERROR(__xludf.DUMMYFUNCTION("IFERROR(INDEX(FILTER('棲息地'!$D$2:$D995, ISNUMBER(SEARCH($B59, '棲息地'!$D$2:$D995))), 1), """")"),"咕咕、三蜜蜂、伊布、波波（空空鎮)、鴨嘴寶寶（空空鎮)") -> 咕咕、三蜜蜂、伊布、波波（空空鎮)、鴨嘴寶寶（空空鎮) | J59: =IFERROR(__xludf.DUMMYFUNCTION("IFERROR(INDEX(FILTER('棲息地'!$B$2:$B995 & "" / "" & '棲息地'!$C$2:$C995, ISNUMBER(SEARCH($B59, '棲息地'!$D$2:$D995))), 2), """")"),"") | K59: =IFERROR(__xludf.DUMMYFUNCTION("IFERROR(INDEX(FILTER('棲息地'!$D$2:$D995, ISNUMBER(SEARCH($B59, '棲息地'!$D$2:$D995))), 2), """")"),"") | L59: =IFERROR(__xludf.DUMMYFUNCTION("IFERROR(INDEX(FILTER('棲息地'!$D$2:$D995, ISNUMBER(SEARCH($B59, '棲息地'!$D$2:$D995))), 3), """")"),"")
A60: 058 | B60: 蜂女王 | C60: 找東西、採蜜 | E60: 明亮 | F60: 感受自然、感受風、木製、聚集、看起來很難 | G60: 甜 (桃桃果) | H60: =IFERROR(__xludf.DUMMYFUNCTION("IFERROR(INDEX(FILTER('棲息地'!$B$2:$B995 & "" / "" & '棲息地'!$C$2:$C995, ISNUMBER(SEARCH($B60, '棲息地'!$D$2:$D995))), 1), """")"),"整片的花海 / 原野之花 ×8") -> 整片的花海 / 原野之花 ×8 | I60: =IFERROR(__xludf.DUMMYFUNCTION("IFERROR(INDEX(FILTER('棲息地'!$D$2:$D995, ISNUMBER(SEARCH($B60, '棲息地'!$D$2:$D995))), 1), """")"),"妙蛙草、妙蛙花、蜂女王") -> 妙蛙草、妙蛙花、蜂女王 | J60: =IFERROR(__xludf.DUMMYFUNCTION("IFERROR(INDEX(FILTER('棲息地'!$B$2:$B995 & "" / "" & '棲息地'!$C$2:$C995, ISNUMBER(SEARCH($B60, '棲息地'!$D$2:$D995))), 2), """")"),"") | K60: =IFERROR(__xludf.DUMMYFUNCTION("IFERROR(INDEX(FILTER('棲息地'!$D$2:$D995, ISNUMBER(SEARCH($B60, '棲息地'!$D$2:$D995))), 2), """")"),"") | L60: =IFERROR(__xludf.DUMMYFUNCTION("IFERROR(INDEX(FILTER('棲息地'!$D$2:$D995, ISNUMBER(SEARCH($B60, '棲息地'!$D$2:$D995))), 3), """")"),"")
A61: 059 | B61: 無殼海兔 | C61: 滋潤 | E61: 滋潤 | F61: 感受水、感受海、整潔、五彩繽紛、容器 | G61: 酸/澀 | H61: =IFERROR(__xludf.DUMMYFUNCTION("IFERROR(INDEX(FILTER('棲息地'!$B$2:$B995 & "" / "" & '棲息地'!$C$2:$C995, ISNUMBER(SEARCH($B61, '棲息地'!$D$2:$D995))), 1), """")"),"指路牌 / 箭頭告示牌 ×1、木頭小路 ×3") -> 指路牌 / 箭頭告示牌 ×1、木頭小路 ×3 | I61: =IFERROR(__xludf.DUMMYFUNCTION("IFERROR(INDEX(FILTER('棲息地'!$D$2:$D995, ISNUMBER(SEARCH($B61, '棲息地'!$D$2:$D995))), 1), """")"),"無殼海兔") -> 無殼海兔 | J61: =IFERROR(__xludf.DUMMYFUNCTION("IFERROR(INDEX(FILTER('棲息地'!$B$2:$B995 & "" / "" & '棲息地'!$C$2:$C995, ISNUMBER(SEARCH($B61, '棲息地'!$D$2:$D995))), 2), """")"),"") | K61: =IFERROR(__xludf.DUMMYFUNCTION("IFERROR(INDEX(FILTER('棲息地'!$D$2:$D995, ISNUMBER(SEARCH($B61, '棲息地'!$D$2:$D995))), 2), """")"),"") | L61: =IFERROR(__xludf.DUMMYFUNCTION("IFERROR(INDEX(FILTER('棲息地'!$D$2:$D995, ISNUMBER(SEARCH($B61, '棲息地'!$D$2:$D995))), 3), """")"),"")
A62: 060 | B62: 海兔獸 | C62: 滋潤、交易 | E62: 滋潤 | F62: 感受水、感受土、感受海、整潔、容器 | G62: 酸/澀 | H62: =IFERROR(__xludf.DUMMYFUNCTION("IFERROR(INDEX(FILTER('棲息地'!$B$2:$B995 & "" / "" & '棲息地'!$C$2:$C995, ISNUMBER(SEARCH($B62, '棲息地'!$D$2:$D995))), 1), """")"),"海釣 / 釣竿 ×1、椅子 ×1、海水 ×1") -> 海釣 / 釣竿 ×1、椅子 ×1、海水 ×1 | I62: =IFERROR(__xludf.DUMMYFUNCTION("IFERROR(INDEX(FILTER('棲息地'!$D$2:$D995, ISNUMBER(SEARCH($B62, '棲息地'!$D$2:$D995))), 1), """")"),"鯉魚王、海兔獸") -> 鯉魚王、海兔獸 | J62: =IFERROR(__xludf.DUMMYFUNCTION("IFERROR(INDEX(FILTER('棲息地'!$B$2:$B995 & "" / "" & '棲息地'!$C$2:$C995, ISNUMBER(SEARCH($B62, '棲息地'!$D$2:$D995))), 2), """")"),"") | K62: =IFERROR(__xludf.DUMMYFUNCTION("IFERROR(INDEX(FILTER('棲息地'!$D$2:$D995, ISNUMBER(SEARCH($B62, '棲息地'!$D$2:$D995))), 2), """")"),"") | L62: =IFERROR(__xludf.DUMMYFUNCTION("IFERROR(INDEX(FILTER('棲息地'!$D$2:$D995, ISNUMBER(SEARCH($B62, '棲息地'!$D$2:$D995))), 3), """")"),"")
A63: 061 | B63: 飄飄球 | C63: 夢島 | E63: 溫暖 | F63: 詭異、不可思議、感受風、可愛、圓形 | G63: 苦 (馬鈴薯) | H63: =IFERROR(__xludf.DUMMYFUNCTION("IFERROR(INDEX(FILTER('棲息地'!$B$2:$B995 & "" / "" & '棲息地'!$C$2:$C995, ISNUMBER(SEARCH($B63, '棲息地'!$D$2:$D995))), 1), """")"),"乘上暖風 / 營火 ×3") -> 乘上暖風 / 營火 ×3 | I63: =IFERROR(__xludf.DUMMYFUNCTION("IFERROR(INDEX(FILTER('棲息地'!$D$2:$D995, ISNUMBER(SEARCH($B63, '棲息地'!$D$2:$D995))), 1), """")"),"飄飄球") -> 飄飄球 | J63: =IFERROR(__xludf.DUMMYFUNCTION("IFERROR(INDEX(FILTER('棲息地'!$B$2:$B995 & "" / "" & '棲息地'!$C$2:$C995, ISNUMBER(SEARCH($B63, '棲息地'!$D$2:$D995))), 2), """")"),"布偶伴好眠 / 床鋪(任意) ×1") -> 布偶伴好眠 / 床鋪(任意) ×1 | K63: =IFERROR(__xludf.DUMMYFUNCTION("IFERROR(INDEX(FILTER('棲息地'!$D$2:$D995, ISNUMBER(SEARCH($B63, '棲息地'!$D$2:$D995))), 2), """")"),"飄飄球、小卡比獸（空空鎮)") -> 飄飄球、小卡比獸（空空鎮) | L63: =IFERROR(__xludf.DUMMYFUNCTION("IFERROR(INDEX(FILTER('棲息地'!$D$2:$D995, ISNUMBER(SEARCH($B63, '棲息地'!$D$2:$D995))), 3), """")"),"")
A64: 062 | B64: 隨風球 | C64: 飛翔、分類 | E64: 溫暖 | F64: 詭異、不可思議、感受風、搖晃、旋轉 | G64: 苦 (馬鈴薯) | H64: =IFERROR(__xludf.DUMMYFUNCTION("IFERROR(INDEX(FILTER('棲息地'!$B$2:$B995 & "" / "" & '棲息地'!$C$2:$C995, ISNUMBER(SEARCH($B64, '棲息地'!$D$2:$D995))), 1), """")"),"被布偶圍滿 / 常用布偶 ×4、飄飄球/隨風球") -> 被布偶圍滿 / 常用布偶 ×4、飄飄球/隨風球 | I64: =IFERROR(__xludf.DUMMYFUNCTION("IFERROR(INDEX(FILTER('棲息地'!$D$2:$D995, ISNUMBER(SEARCH($B64, '棲息地'!$D$2:$D995))), 1), """")"),"隨風球") -> 隨風球 | J64: =IFERROR(__xludf.DUMMYFUNCTION("IFERROR(INDEX(FILTER('棲息地'!$B$2:$B995 & "" / "" & '棲息地'!$C$2:$C995, ISNUMBER(SEARCH($B64, '棲息地'!$D$2:$D995))), 2), """")"),"") | K64: =IFERROR(__xludf.DUMMYFUNCTION("IFERROR(INDEX(FILTER('棲息地'!$D$2:$D995, ISNUMBER(SEARCH($B64, '棲息地'!$D$2:$D995))), 2), """")"),"") | L64: =IFERROR(__xludf.DUMMYFUNCTION("IFERROR(INDEX(FILTER('棲息地'!$D$2:$D995, ISNUMBER(SEARCH($B64, '棲息地'!$D$2:$D995))), 3), """")"),"")
A65: 063 | B65: 螺釘地鼠 | C65: 找東西 | E65: 昏暗 | F65: 感受土、石造、感受自然、觀賞樂趣、尖銳 | G65: 酸 (番茄) | H65: =IFERROR(__xludf.DUMMYFUNCTION("IFERROR(INDEX(FILTER('棲息地'!$B$2:$B995 & "" / "" & '棲息地'!$C$2:$C995, ISNUMBER(SEARCH($B65, '棲息地'!$D$2:$D995))), 1), """")"),"新鮮蔬菜田 / 蔬菜田(任意) ×8") -> 新鮮蔬菜田 / 蔬菜田(任意) ×8 | I65: =IFERROR(__xludf.DUMMYFUNCTION("IFERROR(INDEX(FILTER('棲息地'!$D$2:$D995, ISNUMBER(SEARCH($B65, '棲息地'!$D$2:$D995))), 1), """")"),"螺釘地鼠、龍頭地鼠、木木梟（空空鎮)") -> 螺釘地鼠、龍頭地鼠、木木梟（空空鎮) | J65: =IFERROR(__xludf.DUMMYFUNCTION("IFERROR(INDEX(FILTER('棲息地'!$B$2:$B995 & "" / "" & '棲息地'!$C$2:$C995, ISNUMBER(SEARCH($B65, '棲息地'!$D$2:$D995))), 2), """")"),"") | K65: =IFERROR(__xludf.DUMMYFUNCTION("IFERROR(INDEX(FILTER('棲息地'!$D$2:$D995, ISNUMBER(SEARCH($B65, '棲息地'!$D$2:$D995))), 2), """")"),"") | L65: =IFERROR(__xludf.DUMMYFUNCTION("IFERROR(INDEX(FILTER('棲息地'!$D$2:$D995, ISNUMBER(SEARCH($B65, '棲息地'!$D$2:$D995))), 3), """")"),"")
A66: 064 | B66: 龍頭地鼠 | C66: 伐木、找東西 | E66: 昏暗 | F66: 感受土、金屬感、訓練、觀賞樂趣、尖銳 | G66: 酸 (番茄) | H66: =IFERROR(__xludf.DUMMYFUNCTION("IFERROR(INDEX(FILTER('棲息地'!$B$2:$B995 & "" / "" & '棲息地'!$C$2:$C995, ISNUMBER(SEARCH($B66, '棲息地'!$D$2:$D995))), 1), """")"),"新鮮蔬菜田 / 蔬菜田(任意) ×8") -> 新鮮蔬菜田 / 蔬菜田(任意) ×8 | I66: =IFERROR(__xludf.DUMMYFUNCTION("IFERROR(INDEX(FILTER('棲息地'!$D$2:$D995, ISNUMBER(SEARCH($B66, '棲息地'!$D$2:$D995))), 1), """")"),"螺釘地鼠、龍頭地鼠、木木梟（空空鎮)") -> 螺釘地鼠、龍頭地鼠、木木梟（空空鎮) | J66: =IFERROR(__xludf.DUMMYFUNCTION("IFERROR(INDEX(FILTER('棲息地'!$B$2:$B995 & "" / "" & '棲息地'!$C$2:$C995, ISNUMBER(SEARCH($B66, '棲息地'!$D$2:$D995))), 2), """")"),"") | K66: =IFERROR(__xludf.DUMMYFUNCTION("IFERROR(INDEX(FILTER('棲息地'!$D$2:$D995, ISNUMBER(SEARCH($B66, '棲息地'!$D$2:$D995))), 2), """")"),"") | L66: =IFERROR(__xludf.DUMMYFUNCTION("IFERROR(INDEX(FILTER('棲息地'!$D$2:$D995, ISNUMBER(SEARCH($B66, '棲息地'!$D$2:$D995))), 3), """")"),"")
A67: 065 | B67: 搬運小匠 | C67: 建造 | E67: 明亮 | F67: 訓練、建設、木製、細長、方形 | G67: 辣 (紅蘿蔔) | H67: =IFERROR(__xludf.DUMMYFUNCTION("IFERROR(INDEX(FILTER('棲息地'!$B$2:$B995 & "" / "" & '棲息地'!$C$2:$C995, ISNUMBER(SEARCH($B67, '棲息地'!$D$2:$D995))), 1), """")"),"岩影的草地 / 綠草 ×4、大石頭 ×1") -> 岩影的草地 / 綠草 ×4、大石頭 ×1 | I67: =IFERROR(__xludf.DUMMYFUNCTION("IFERROR(INDEX(FILTER('棲息地'!$D$2:$D995, ISNUMBER(SEARCH($B67, '棲息地'!$D$2:$D995))), 1), """")"),"搬運小匠、鐵骨土人、腕力（空空鎮)") -> 搬運小匠、鐵骨土人、腕力（空空鎮) | J67: =IFERROR(__xludf.DUMMYFUNCTION("IFERROR(INDEX(FILTER('棲息地'!$B$2:$B995 & "" / "" & '棲息地'!$C$2:$C995, ISNUMBER(SEARCH($B67, '棲息地'!$D$2:$D995))), 2), """")"),"") | K67: =IFERROR(__xludf.DUMMYFUNCTION("IFERROR(INDEX(FILTER('棲息地'!$D$2:$D995, ISNUMBER(SEARCH($B67, '棲息地'!$D$2:$D995))), 2), """")"),"") | L67: =IFERROR(__xludf.DUMMYFUNCTION("IFERROR(INDEX(FILTER('棲息地'!$D$2:$D995, ISNUMBER(SEARCH($B67, '棲息地'!$D$2:$D995))), 3), """")"),"")
A68: 066 | B68: 鐵骨土人 | C68: 建造 | E68: 明亮 | F68: 訓練、建設、金屬感、細長、大家一起用 | G68: 辣 (紅蘿蔔) | H68: =IFERROR(__xludf.DUMMYFUNCTION("IFERROR(INDEX(FILTER('棲息地'!$B$2:$B995 & "" / "" & '棲息地'!$C$2:$C995, ISNUMBER(SEARCH($B68, '棲息地'!$D$2:$D995))), 1), """")"),"岩影的草地 / 綠草 ×4、大石頭 ×1") -> 岩影的草地 / 綠草 ×4、大石頭 ×1 | I68: =IFERROR(__xludf.DUMMYFUNCTION("IFERROR(INDEX(FILTER('棲息地'!$D$2:$D995, ISNUMBER(SEARCH($B68, '棲息地'!$D$2:$D995))), 1), """")"),"搬運小匠、鐵骨土人、腕力（空空鎮)") -> 搬運小匠、鐵骨土人、腕力（空空鎮) | J68: =IFERROR(__xludf.DUMMYFUNCTION("IFERROR(INDEX(FILTER('棲息地'!$B$2:$B995 & "" / "" & '棲息地'!$C$2:$C995, ISNUMBER(SEARCH($B68, '棲息地'!$D$2:$D995))), 2), """")"),"載上大行李 / 手推車 ×1、木箱 ×2") -> 載上大行李 / 手推車 ×1、木箱 ×2 | K68: =IFERROR(__xludf.DUMMYFUNCTION("IFERROR(INDEX(FILTER('棲息地'!$D$2:$D995, ISNUMBER(SEARCH($B68, '棲息地'!$D$2:$D995))), 2), """")"),"鐵骨土人、小鍛匠（空空鎮)、巧鍛匠（空空鎮)") -> 鐵骨土人、小鍛匠（空空鎮)、巧鍛匠（空空鎮) | L68: =IFERROR(__xludf.DUMMYFUNCTION("IFERROR(INDEX(FILTER('棲息地'!$D$2:$D995, ISNUMBER(SEARCH($B68, '棲息地'!$D$2:$D995))), 3), """")"),"")
A69: 067 | B69: 修建老匠 | C69: 建造、碾壓 | E69: 明亮 | F69: 訓練、建設、石造、細長、大家一起用 | G69: 辣 (紅蘿蔔) | H69: =IFERROR(__xludf.DUMMYFUNCTION("IFERROR(INDEX(FILTER('棲息地'!$B$2:$B995 & "" / "" & '棲息地'!$C$2:$C995, ISNUMBER(SEARCH($B69, '棲息地'!$D$2:$D995))), 1), """")"),"施工地的發電站 / (施工器材)") -> 施工地的發電站 / (施工器材) | I69: =IFERROR(__xludf.DUMMYFUNCTION("IFERROR(INDEX(FILTER('棲息地'!$D$2:$D995, ISNUMBER(SEARCH($B69, '棲息地'!$D$2:$D995))), 1), """")"),"修建老匠") -> 修建老匠 | J69: =IFERROR(__xludf.DUMMYFUNCTION("IFERROR(INDEX(FILTER('棲息地'!$B$2:$B995 & "" / "" & '棲息地'!$C$2:$C995, ISNUMBER(SEARCH($B69, '棲息地'!$D$2:$D995))), 2), """")"),"") | K69: =IFERROR(__xludf.DUMMYFUNCTION("IFERROR(INDEX(FILTER('棲息地'!$D$2:$D995, ISNUMBER(SEARCH($B69, '棲息地'!$D$2:$D995))), 2), """")"),"") | L69: =IFERROR(__xludf.DUMMYFUNCTION("IFERROR(INDEX(FILTER('棲息地'!$D$2:$D995, ISNUMBER(SEARCH($B69, '棲息地'!$D$2:$D995))), 3), """")"),"")
A70: 068 | B70: 燭光靈 | C70: 點火 | E70: 溫暖 | F70: 詭異、不可思議、感受火焰、搖晃、方形 | G70: 苦 (馬鈴薯) | H70: =IFERROR(__xludf.DUMMYFUNCTION("IFERROR(INDEX(FILTER('棲息地'!$B$2:$B995 & "" / "" & '棲息地'!$C$2:$C995, ISNUMBER(SEARCH($B70, '棲息地'!$D$2:$D995))), 1), """")"),"墓前的供品 / 墓碑 ×1、細長蠟燭 ×2、盤子上的食物 ×1") -> 墓前的供品 / 墓碑 ×1、細長蠟燭 ×2、盤子上的食物 ×1 | I70: =IFERROR(__xludf.DUMMYFUNCTION("IFERROR(INDEX(FILTER('棲息地'!$D$2:$D995, ISNUMBER(SEARCH($B70, '棲息地'!$D$2:$D995))), 1), """")"),"燭光靈") -> 燭光靈 | J70: =IFERROR(__xludf.DUMMYFUNCTION("IFERROR(INDEX(FILTER('棲息地'!$B$2:$B995 & "" / "" & '棲息地'!$C$2:$C995, ISNUMBER(SEARCH($B70, '棲息地'!$D$2:$D995))), 2), """")"),"詭異墓前的供品 / 可疑的蠟燭 ×2、墓碑 ×1、盤子上的食物 ×1") -> 詭異墓前的供品 / 可疑的蠟燭 ×2、墓碑 ×1、盤子上的食物 ×1 | K70: =IFERROR(__xludf.DUMMYFUNCTION("IFERROR(INDEX(FILTER('棲息地'!$D$2:$D995, ISNUMBER(SEARCH($B70, '棲息地'!$D$2:$D995))), 2), """")"),"燭光靈、燈火幽靈、水晶燈火靈") -> 燭光靈、燈火幽靈、水晶燈火靈 | L70: =IFERROR(__xludf.DUMMYFUNCTION("IFERROR(INDEX(FILTER('棲息地'!$D$2:$D995, ISNUMBER(SEARCH($B70, '棲息地'!$D$2:$D995))), 3), """")"),"")
A71: 069 | B71: 燈火幽靈 | C71: 點火 | E71: 溫暖 | F71: 詭異、不可思議、感受火焰、搖晃、容器 | G71: 苦 (馬鈴薯) | H71: =IFERROR(__xludf.DUMMYFUNCTION("IFERROR(INDEX(FILTER('棲息地'!$B$2:$B995 & "" / "" & '棲息地'!$C$2:$C995, ISNUMBER(SEARCH($B71, '棲息地'!$D$2:$D995))), 1), """")"),"詭異墓前的供品 / 可疑的蠟燭 ×2、墓碑 ×1、盤子上的食物 ×1") -> 詭異墓前的供品 / 可疑的蠟燭 ×2、墓碑 ×1、盤子上的食物 ×1 | I71: =IFERROR(__xludf.DUMMYFUNCTION("IFERROR(INDEX(FILTER('棲息地'!$D$2:$D995, ISNUMBER(SEARCH($B71, '棲息地'!$D$2:$D995))), 1), """")"),"燭光靈、燈火幽靈、水晶燈火靈") -> 燭光靈、燈火幽靈、水晶燈火靈 | J71: =IFERROR(__xludf.DUMMYFUNCTION("IFERROR(INDEX(FILTER('棲息地'!$B$2:$B995 & "" / "" & '棲息地'!$C$2:$C995, ISNUMBER(SEARCH($B71, '棲息地'!$D$2:$D995))), 2), """")"),"") | K71: =IFERROR(__xludf.DUMMYFUNCTION("IFERROR(INDEX(FILTER('棲息地'!$D$2:$D995, ISNUMBER(SEARCH($B71, '棲息地'!$D$2:$D995))), 2), """")"),"") | L71: =IFERROR(__xludf.DUMMYFUNCTION("IFERROR(INDEX(FILTER('棲息地'!$D$2:$D995, ISNUMBER(SEARCH($B71, '棲息地'!$D$2:$D995))), 3), """")"),"")
A72: 070 | B72: 水晶燈火靈 | C72: 點火 | E72: 溫暖 | F72: 詭異、不可思議、感受火焰、搖晃、觀賞樂趣 | G72: 澀 (小麥) | H72: =IFERROR(__xludf.DUMMYFUNCTION("IFERROR(INDEX(FILTER('棲息地'!$B$2:$B995 & "" / "" & '棲息地'!$C$2:$C995, ISNUMBER(SEARCH($B72, '棲息地'!$D$2:$D995))), 1), """")"),"詭異墓前的供品 / 可疑的蠟燭 ×2、墓碑 ×1、盤子上的食物 ×1") -> 詭異墓前的供品 / 可疑的蠟燭 ×2、墓碑 ×1、盤子上的食物 ×1 | I72: =IFERROR(__xludf.DUMMYFUNCTION("IFERROR(INDEX(FILTER('棲息地'!$D$2:$D995, ISNUMBER(SEARCH($B72, '棲息地'!$D$2:$D995))), 1), """")"),"燭光靈、燈火幽靈、水晶燈火靈") -> 燭光靈、燈火幽靈、水晶燈火靈 | J72: =IFERROR(__xludf.DUMMYFUNCTION("IFERROR(INDEX(FILTER('棲息地'!$B$2:$B995 & "" / "" & '棲息地'!$C$2:$C995, ISNUMBER(SEARCH($B72, '棲息地'!$D$2:$D995))), 2), """")"),"") | K72: =IFERROR(__xludf.DUMMYFUNCTION("IFERROR(INDEX(FILTER('棲息地'!$D$2:$D995, ISNUMBER(SEARCH($B72, '棲息地'!$D$2:$D995))), 2), """")"),"") | L72: =IFERROR(__xludf.DUMMYFUNCTION("IFERROR(INDEX(FILTER('棲息地'!$D$2:$D995, ISNUMBER(SEARCH($B72, '棲息地'!$D$2:$D995))), 3), """")"),"")
A73: 071 | B73: 牙牙 | C73: 伐木 | E73: 昏暗 | F73: 感受火焰、華麗、感受土、堅硬、尖銳 | G73: 甜 (桃桃果) | H73: =IFERROR(__xludf.DUMMYFUNCTION("IFERROR(INDEX(FILTER('棲息地'!$B$2:$B995 & "" / "" & '棲息地'!$C$2:$C995, ISNUMBER(SEARCH($B73, '棲息地'!$D$2:$D995))), 1), """")"),"樵夫的工作區 / 圓木椅 ×1、手推車 ×1、樹樁 ×1、圓木桌 ×1") -> 樵夫的工作區 / 圓木椅 ×1、手推車 ×1、樹樁 ×1、圓木桌 ×1 | I73: =IFERROR(__xludf.DUMMYFUNCTION("IFERROR(INDEX(FILTER('棲息地'!$D$2:$D995, ISNUMBER(SEARCH($B73, '棲息地'!$D$2:$D995))), 1), """")"),"牙牙（★）、斧牙龍（★★）、雙斧戰龍（★★★）") -> 牙牙（★）、斧牙龍（★★）、雙斧戰龍（★★★） | J73: =IFERROR(__xludf.DUMMYFUNCTION("IFERROR(INDEX(FILTER('棲息地'!$B$2:$B995 & "" / "" & '棲息地'!$C$2:$C995, ISNUMBER(SEARCH($B73, '棲息地'!$D$2:$D995))), 2), """")"),"圓木的溫馨感 / 圓木椅 ×1、圓木桌 ×1、圓木床 ×1") -> 圓木的溫馨感 / 圓木椅 ×1、圓木桌 ×1、圓木床 ×1 | K73: =IFERROR(__xludf.DUMMYFUNCTION("IFERROR(INDEX(FILTER('棲息地'!$D$2:$D995, ISNUMBER(SEARCH($B73, '棲息地'!$D$2:$D995))), 2), """")"),"牙牙（★）、斧牙龍（★★）、雙斧戰龍（★★★）") -> 牙牙（★）、斧牙龍（★★）、雙斧戰龍（★★★） | L73: =IFERROR(__xludf.DUMMYFUNCTION("IFERROR(INDEX(FILTER('棲息地'!$D$2:$D995, ISNUMBER(SEARCH($B73, '棲息地'!$D$2:$D995))), 3), """")"),"")
A74: 072 | B74: 斧牙龍 | C74: 伐木 | E74: 昏暗 | F74: 感受火焰、華麗、感受土、訓練、尖銳 | G74: 辣 (紅蘿蔔) | H74: =IFERROR(__xludf.DUMMYFUNCTION("IFERROR(INDEX(FILTER('棲息地'!$B$2:$B995 & "" / "" & '棲息地'!$C$2:$C995, ISNUMBER(SEARCH($B74, '棲息地'!$D$2:$D995))), 1), """")"),"樵夫的工作區 / 圓木椅 ×1、手推車 ×1、樹樁 ×1、圓木桌 ×1") -> 樵夫的工作區 / 圓木椅 ×1、手推車 ×1、樹樁 ×1、圓木桌 ×1 | I74: =IFERROR(__xludf.DUMMYFUNCTION("IFERROR(INDEX(FILTER('棲息地'!$D$2:$D995, ISNUMBER(SEARCH($B74, '棲息地'!$D$2:$D995))), 1), """")"),"牙牙（★）、斧牙龍（★★）、雙斧戰龍（★★★）") -> 牙牙（★）、斧牙龍（★★）、雙斧戰龍（★★★） | J74: =IFERROR(__xludf.DUMMYFUNCTION("IFERROR(INDEX(FILTER('棲息地'!$B$2:$B995 & "" / "" & '棲息地'!$C$2:$C995, ISNUMBER(SEARCH($B74, '棲息地'!$D$2:$D995))), 2), """")"),"圓木的溫馨感 / 圓木椅 ×1、圓木桌 ×1、圓木床 ×1") -> 圓木的溫馨感 / 圓木椅 ×1、圓木桌 ×1、圓木床 ×1 | K74: =IFERROR(__xludf.DUMMYFUNCTION("IFERROR(INDEX(FILTER('棲息地'!$D$2:$D995, ISNUMBER(SEARCH($B74, '棲息地'!$D$2:$D995))), 2), """")"),"牙牙（★）、斧牙龍（★★）、雙斧戰龍（★★★）") -> 牙牙（★）、斧牙龍（★★）、雙斧戰龍（★★★） | L74: =IFERROR(__xludf.DUMMYFUNCTION("IFERROR(INDEX(FILTER('棲息地'!$D$2:$D995, ISNUMBER(SEARCH($B74, '棲息地'!$D$2:$D995))), 3), """")"),"")
A75: 073 | B75: 雙斧戰龍 | C75: 伐木、亂撒 | D75: 小圓木 | E75: 昏暗 | F75: 感受火焰、華麗、感受土、訓練、尖銳 | G75: 酸 (番茄) | H75: =IFERROR(__xludf.DUMMYFUNCTION("IFERROR(INDEX(FILTER('棲息地'!$B$2:$B995 & "" / "" & '棲息地'!$C$2:$C995, ISNUMBER(SEARCH($B75, '棲息地'!$D$2:$D995))), 1), """")"),"樵夫的工作區 / 圓木椅 ×1、手推車 ×1、樹樁 ×1、圓木桌 ×1") -> 樵夫的工作區 / 圓木椅 ×1、手推車 ×1、樹樁 ×1、圓木桌 ×1 | I75: =IFERROR(__xludf.DUMMYFUNCTION("IFERROR(INDEX(FILTER('棲息地'!$D$2:$D995, ISNUMBER(SEARCH($B75, '棲息地'!$D$2:$D995))), 1), """")"),"牙牙（★）、斧牙龍（★★）、雙斧戰龍（★★★）") -> 牙牙（★）、斧牙龍（★★）、雙斧戰龍（★★★） | J75: =IFERROR(__xludf.DUMMYFUNCTION("IFERROR(INDEX(FILTER('棲息地'!$B$2:$B995 & "" / "" & '棲息地'!$C$2:$C995, ISNUMBER(SEARCH($B75, '棲息地'!$D$2:$D995))), 2), """")"),"圓木的溫馨感 / 圓木椅 ×1、圓木桌 ×1、圓木床 ×1") -> 圓木的溫馨感 / 圓木椅 ×1、圓木桌 ×1、圓木床 ×1 | K75: =IFERROR(__xludf.DUMMYFUNCTION("IFERROR(INDEX(FILTER('棲息地'!$D$2:$D995, ISNUMBER(SEARCH($B75, '棲息地'!$D$2:$D995))), 2), """")"),"牙牙（★）、斧牙龍（★★）、雙斧戰龍（★★★）") -> 牙牙（★）、斧牙龍（★★）、雙斧戰龍（★★★） | L75: =IFERROR(__xludf.DUMMYFUNCTION("IFERROR(INDEX(FILTER('棲息地'!$D$2:$D995, ISNUMBER(SEARCH($B75, '棲息地'!$D$2:$D995))), 3), """")"),"")
A76: 074 | B76: 黏黏寶 | C76: 滋潤 | E76: 滋潤 | F76: 感受水、華麗、感受自然、整潔、療癒傷口 | G76: 甜 (桃桃果) | H76: =IFERROR(__xludf.DUMMYFUNCTION("IFERROR(INDEX(FILTER('棲息地'!$B$2:$B995 & "" / "" & '棲息地'!$C$2:$C995, ISNUMBER(SEARCH($B76, '棲息地'!$D$2:$D995))), 1), """")"),"樹蔭的花田 / 原野之花 ×4") -> 樹蔭的花田 / 原野之花 ×4 | I76: =IFERROR(__xludf.DUMMYFUNCTION("IFERROR(INDEX(FILTER('棲息地'!$D$2:$D995, ISNUMBER(SEARCH($B76, '棲息地'!$D$2:$D995))), 1), """")"),"黏黏寶、夢歌仙人掌、鍬農炮蟲（空空鎮)") -> 黏黏寶、夢歌仙人掌、鍬農炮蟲（空空鎮) | J76: =IFERROR(__xludf.DUMMYFUNCTION("IFERROR(INDEX(FILTER('棲息地'!$B$2:$B995 & "" / "" & '棲息地'!$C$2:$C995, ISNUMBER(SEARCH($B76, '棲息地'!$D$2:$D995))), 2), """")"),"求雨地點 / 雨天漂浮泡泡娃娃 ×2、盤子上的食物 ×1") -> 求雨地點 / 雨天漂浮泡泡娃娃 ×2、盤子上的食物 ×1 | K76: =IFERROR(__xludf.DUMMYFUNCTION("IFERROR(INDEX(FILTER('棲息地'!$D$2:$D995, ISNUMBER(SEARCH($B76, '棲息地'!$D$2:$D995))), 2), """")"),"黏黏寶") -> 黏黏寶 | L76: =IFERROR(__xludf.DUMMYFUNCTION("IFERROR(INDEX(FILTER('棲息地'!$D$2:$D995, ISNUMBER(SEARCH($B76, '棲息地'!$D$2:$D995))), 3), """")"),"")
A77: 075 | B77: 黏美兒 | C77: 滋潤 | E77: 滋潤 | F77: 感受水、華麗、柔軟、整潔、療癒傷口 | G77: 甜 (桃桃果) | H77: =IFERROR(__xludf.DUMMYFUNCTION("IFERROR(INDEX(FILTER('棲息地'!$B$2:$B995 & "" / "" & '棲息地'!$C$2:$C995, ISNUMBER(SEARCH($B77, '棲息地'!$D$2:$D995))), 1), """")"),"濕潤的草地 / 綠草 ×4、水 ×2") -> 濕潤的草地 / 綠草 ×4、水 ×2 | I77: =IFERROR(__xludf.DUMMYFUNCTION("IFERROR(INDEX(FILTER('棲息地'!$D$2:$D995, ISNUMBER(SEARCH($B77, '棲息地'!$D$2:$D995))), 1), """")"),"傑尼龜、卡咪龜、水箭龜、黏美兒、古月鳥（空空鎮)") -> 傑尼龜、卡咪龜、水箭龜、黏美兒、古月鳥（空空鎮) | J77: =IFERROR(__xludf.DUMMYFUNCTION("IFERROR(INDEX(FILTER('棲息地'!$B$2:$B995 & "" / "" & '棲息地'!$C$2:$C995, ISNUMBER(SEARCH($B77, '棲息地'!$D$2:$D995))), 2), """")"),"") | K77: =IFERROR(__xludf.DUMMYFUNCTION("IFERROR(INDEX(FILTER('棲息地'!$D$2:$D995, ISNUMBER(SEARCH($B77, '棲息地'!$D$2:$D995))), 2), """")"),"") | L77: =IFERROR(__xludf.DUMMYFUNCTION("IFERROR(INDEX(FILTER('棲息地'!$D$2:$D995, ISNUMBER(SEARCH($B77, '棲息地'!$D$2:$D995))), 3), """")"),"")
A78: 076 | B78: 黏美龍 | C78: 滋潤、交易 | E78: 滋潤 | F78: 感受水、華麗、訓練、整潔、療癒傷口 | G78: 酸 (番茄) | H78: =IFERROR(__xludf.DUMMYFUNCTION("IFERROR(INDEX(FILTER('棲息地'!$B$2:$B995 & "" / "" & '棲息地'!$C$2:$C995, ISNUMBER(SEARCH($B78, '棲息地'!$D$2:$D995))), 1), """")"),"樹果大集合 / (樹果籃與相關裝飾)") -> 樹果大集合 / (樹果籃與相關裝飾) | I78: =IFERROR(__xludf.DUMMYFUNCTION("IFERROR(INDEX(FILTER('棲息地'!$D$2:$D995, ISNUMBER(SEARCH($B78, '棲息地'!$D$2:$D995))), 1), """")"),"黏美龍（★★）") -> 黏美龍（★★） | J78: =IFERROR(__xludf.DUMMYFUNCTION("IFERROR(INDEX(FILTER('棲息地'!$B$2:$B995 & "" / "" & '棲息地'!$C$2:$C995, ISNUMBER(SEARCH($B78, '棲息地'!$D$2:$D995))), 2), """")"),"") | K78: =IFERROR(__xludf.DUMMYFUNCTION("IFERROR(INDEX(FILTER('棲息地'!$D$2:$D995, ISNUMBER(SEARCH($B78, '棲息地'!$D$2:$D995))), 2), """")"),"") | L78: =IFERROR(__xludf.DUMMYFUNCTION("IFERROR(INDEX(FILTER('棲息地'!$D$2:$D995, ISNUMBER(SEARCH($B78, '棲息地'!$D$2:$D995))), 3), """")"),"")
A79: 077 | B79: 古月鳥 | C79: 滋潤、飛翔 | E79: 滋潤 | F79: 感受風、感受水、感受海、細長、像食物 | G79: 苦 (馬鈴薯) | H79: =IFERROR(__xludf.DUMMYFUNCTION("IFERROR(INDEX(FILTER('棲息地'!$B$2:$B995 & "" / "" & '棲息地'!$C$2:$C995, ISNUMBER(SEARCH($B79, '棲息地'!$D$2:$D995))), 1), """")"),"濕潤的草地 / 綠草 ×4、水 ×2") -> 濕潤的草地 / 綠草 ×4、水 ×2 | I79: =IFERROR(__xludf.DUMMYFUNCTION("IFERROR(INDEX(FILTER('棲息地'!$D$2:$D995, ISNUMBER(SEARCH($B79, '棲息地'!$D$2:$D995))), 1), """")"),"傑尼龜、卡咪龜、水箭龜、黏美兒、古月鳥（空空鎮)") -> 傑尼龜、卡咪龜、水箭龜、黏美兒、古月鳥（空空鎮) | J79: =IFERROR(__xludf.DUMMYFUNCTION("IFERROR(INDEX(FILTER('棲息地'!$B$2:$B995 & "" / "" & '棲息地'!$C$2:$C995, ISNUMBER(SEARCH($B79, '棲息地'!$D$2:$D995))), 2), """")"),"") | K79: =IFERROR(__xludf.DUMMYFUNCTION("IFERROR(INDEX(FILTER('棲息地'!$D$2:$D995, ISNUMBER(SEARCH($B79, '棲息地'!$D$2:$D995))), 2), """")"),"") | L79: =IFERROR(__xludf.DUMMYFUNCTION("IFERROR(INDEX(FILTER('棲息地'!$D$2:$D995, ISNUMBER(SEARCH($B79, '棲息地'!$D$2:$D995))), 3), """")"),"")
A80: 078 | B80: 皮丘 | C80: 發電 | E80: 明亮 | F80: 電力驅動、玻璃、可愛、花朵盛開、布製 | G80: 甜 (桃桃果) | H80: =IFERROR(__xludf.DUMMYFUNCTION("IFERROR(INDEX(FILTER('棲息地'!$B$2:$B995 & "" / "" & '棲息地'!$C$2:$C995, ISNUMBER(SEARCH($B80, '棲息地'!$D$2:$D995))), 1), """")"),"野餐風餐桌 / 椅子(任意) ×2、桌子(任意) ×1、籃子 ×1") -> 野餐風餐桌 / 椅子(任意) ×2、桌子(任意) ×1、籃子 ×1 | I80: =IFERROR(__xludf.DUMMYFUNCTION("IFERROR(INDEX(FILTER('棲息地'!$D$2:$D995, ISNUMBER(SEARCH($B80, '棲息地'!$D$2:$D995))), 1), """")"),"皮丘(乾巴巴荒野)、皮卡丘（空空鎮)") -> 皮丘(乾巴巴荒野)、皮卡丘（空空鎮) | J80: =IFERROR(__xludf.DUMMYFUNCTION("IFERROR(INDEX(FILTER('棲息地'!$B$2:$B995 & "" / "" & '棲息地'!$C$2:$C995, ISNUMBER(SEARCH($B80, '棲息地'!$D$2:$D995))), 2), """")"),"") | K80: =IFERROR(__xludf.DUMMYFUNCTION("IFERROR(INDEX(FILTER('棲息地'!$D$2:$D995, ISNUMBER(SEARCH($B80, '棲息地'!$D$2:$D995))), 2), """")"),"") | L80: =IFERROR(__xludf.DUMMYFUNCTION("IFERROR(INDEX(FILTER('棲息地'!$D$2:$D995, ISNUMBER(SEARCH($B80, '棲息地'!$D$2:$D995))), 3), """")"),"")
A81: 079 | B81: 淺淺丘 | C81: 發光 | E81: 明亮 | F81: 電力驅動、玻璃、可愛、療癒傷口、有文字 | G81: 甜 (桃桃果) | H81: =IFERROR(__xludf.DUMMYFUNCTION("IFERROR(INDEX(FILTER('棲息地'!$B$2:$B995 & "" / "" & '棲息地'!$C$2:$C995, ISNUMBER(SEARCH($B81, '棲息地'!$D$2:$D995))), 1), """")"),"痊癒前好好休息 / 床鋪 ×1、急救箱 ×1、自然風櫃子 ×1") -> 痊癒前好好休息 / 床鋪 ×1、急救箱 ×1、自然風櫃子 ×1 | I81: =IFERROR(__xludf.DUMMYFUNCTION("IFERROR(INDEX(FILTER('棲息地'!$D$2:$D995, ISNUMBER(SEARCH($B81, '棲息地'!$D$2:$D995))), 1), """")"),"淺淺丘（★★）、吉利蛋（★）") -> 淺淺丘（★★）、吉利蛋（★） | J81: =IFERROR(__xludf.DUMMYFUNCTION("IFERROR(INDEX(FILTER('棲息地'!$B$2:$B995 & "" / "" & '棲息地'!$C$2:$C995, ISNUMBER(SEARCH($B81, '棲息地'!$D$2:$D995))), 2), """")"),"") | K81: =IFERROR(__xludf.DUMMYFUNCTION("IFERROR(INDEX(FILTER('棲息地'!$D$2:$D995, ISNUMBER(SEARCH($B81, '棲息地'!$D$2:$D995))), 2), """")"),"") | L81: =IFERROR(__xludf.DUMMYFUNCTION("IFERROR(INDEX(FILTER('棲息地'!$D$2:$D995, ISNUMBER(SEARCH($B81, '棲息地'!$D$2:$D995))), 3), """")"),"")
A82: 079 | B82: 皮卡丘 | C82: 發電 | E82: 明亮 | F82: 電力驅動、玻璃、大家一起用、圓形、交通工具 | G82: 酸 (番茄) | H82: =IFERROR(__xludf.DUMMYFUNCTION("IFERROR(INDEX(FILTER('棲息地'!$B$2:$B995 & "" / "" & '棲息地'!$C$2:$C995, ISNUMBER(SEARCH($B82, '棲息地'!$D$2:$D995))), 1), """")"),"野餐風餐桌 / 椅子(任意) ×2、桌子(任意) ×1、籃子 ×1") -> 野餐風餐桌 / 椅子(任意) ×2、桌子(任意) ×1、籃子 ×1 | I82: =IFERROR(__xludf.DUMMYFUNCTION("IFERROR(INDEX(FILTER('棲息地'!$D$2:$D995, ISNUMBER(SEARCH($B82, '棲息地'!$D$2:$D995))), 1), """")"),"皮丘(乾巴巴荒野)、皮卡丘（空空鎮)") -> 皮丘(乾巴巴荒野)、皮卡丘（空空鎮) | J82: =IFERROR(__xludf.DUMMYFUNCTION("IFERROR(INDEX(FILTER('棲息地'!$B$2:$B995 & "" / "" & '棲息地'!$C$2:$C995, ISNUMBER(SEARCH($B82, '棲息地'!$D$2:$D995))), 2), """")"),"") | K82: =IFERROR(__xludf.DUMMYFUNCTION("IFERROR(INDEX(FILTER('棲息地'!$D$2:$D995, ISNUMBER(SEARCH($B82, '棲息地'!$D$2:$D995))), 2), """")"),"") | L82: =IFERROR(__xludf.DUMMYFUNCTION("IFERROR(INDEX(FILTER('棲息地'!$D$2:$D995, ISNUMBER(SEARCH($B82, '棲息地'!$D$2:$D995))), 3), """")"),"")
A83: 080 | B83: 雷丘 | C83: 發電、帶動氣氛 | E83: 明亮 | F83: 電力驅動、玻璃、大家一起用、圓形、遊樂場 | G83: (未提供) | H83: =IFERROR(__xludf.DUMMYFUNCTION("IFERROR(INDEX(FILTER('棲息地'!$B$2:$B995 & "" / "" & '棲息地'!$C$2:$C995, ISNUMBER(SEARCH($B83, '棲息地'!$D$2:$D995))), 1), """")"),"大自然的市場 / 大樹 ×1、大石頭 ×1、桌子 ×2") -> 大自然的市場 / 大樹 ×1、大石頭 ×1、桌子 ×2 | I83: =IFERROR(__xludf.DUMMYFUNCTION("IFERROR(INDEX(FILTER('棲息地'!$D$2:$D995, ISNUMBER(SEARCH($B83, '棲息地'!$D$2:$D995))), 1), """")"),"雷丘") -> 雷丘 | J83: =IFERROR(__xludf.DUMMYFUNCTION("IFERROR(INDEX(FILTER('棲息地'!$B$2:$B995 & "" / "" & '棲息地'!$C$2:$C995, ISNUMBER(SEARCH($B83, '棲息地'!$D$2:$D995))), 2), """")"),"") | K83: =IFERROR(__xludf.DUMMYFUNCTION("IFERROR(INDEX(FILTER('棲息地'!$D$2:$D995, ISNUMBER(SEARCH($B83, '棲息地'!$D$2:$D995))), 2), """")"),"") | L83: =IFERROR(__xludf.DUMMYFUNCTION("IFERROR(INDEX(FILTER('棲息地'!$D$2:$D995, ISNUMBER(SEARCH($B83, '棲息地'!$D$2:$D995))), 3), """")"),"")
A84: 081 | B84: 超音蝠 | C84: 找東西 | E84: 昏暗 | F84: 詭異、感受風、木製、聲音、看起來很難 | G84: 辣 (紅蘿蔔) | H84: =IFERROR(__xludf.DUMMYFUNCTION("IFERROR(INDEX(FILTER('棲息地'!$B$2:$B995 & "" / "" & '棲息地'!$C$2:$C995, ISNUMBER(SEARCH($B84, '棲息地'!$D$2:$D995))), 1), """")"),"樹蔭的黃色草叢 / 大樹 ×1、黃草 ×4") -> 樹蔭的黃色草叢 / 大樹 ×1、黃草 ×4 | I84: =IFERROR(__xludf.DUMMYFUNCTION("IFERROR(INDEX(FILTER('棲息地'!$D$2:$D995, ISNUMBER(SEARCH($B84, '棲息地'!$D$2:$D995))), 1), """")"),"幕下力士、超音蝠、大嘴蝠、鐵掌力士") -> 幕下力士、超音蝠、大嘴蝠、鐵掌力士 | J84: =IFERROR(__xludf.DUMMYFUNCTION("IFERROR(INDEX(FILTER('棲息地'!$B$2:$B995 & "" / "" & '棲息地'!$C$2:$C995, ISNUMBER(SEARCH($B84, '棲息地'!$D$2:$D995))), 2), """")"),"") | K84: =IFERROR(__xludf.DUMMYFUNCTION("IFERROR(INDEX(FILTER('棲息地'!$D$2:$D995, ISNUMBER(SEARCH($B84, '棲息地'!$D$2:$D995))), 2), """")"),"") | L84: =IFERROR(__xludf.DUMMYFUNCTION("IFERROR(INDEX(FILTER('棲息地'!$D$2:$D995, ISNUMBER(SEARCH($B84, '棲息地'!$D$2:$D995))), 3), """")"),"")
A85: 082 | B85: 大嘴蝠 | C85: 找東西 | E85: 昏暗 | F85: 詭異、感受風、木製、聲音、看起來很難 | G85: 辣 (紅蘿蔔) | H85: =IFERROR(__xludf.DUMMYFUNCTION("IFERROR(INDEX(FILTER('棲息地'!$B$2:$B995 & "" / "" & '棲息地'!$C$2:$C995, ISNUMBER(SEARCH($B85, '棲息地'!$D$2:$D995))), 1), """")"),"樹蔭的黃色草叢 / 大樹 ×1、黃草 ×4") -> 樹蔭的黃色草叢 / 大樹 ×1、黃草 ×4 | I85: =IFERROR(__xludf.DUMMYFUNCTION("IFERROR(INDEX(FILTER('棲息地'!$D$2:$D995, ISNUMBER(SEARCH($B85, '棲息地'!$D$2:$D995))), 1), """")"),"幕下力士、超音蝠、大嘴蝠、鐵掌力士") -> 幕下力士、超音蝠、大嘴蝠、鐵掌力士 | J85: =IFERROR(__xludf.DUMMYFUNCTION("IFERROR(INDEX(FILTER('棲息地'!$B$2:$B995 & "" / "" & '棲息地'!$C$2:$C995, ISNUMBER(SEARCH($B85, '棲息地'!$D$2:$D995))), 2), """")"),"") | K85: =IFERROR(__xludf.DUMMYFUNCTION("IFERROR(INDEX(FILTER('棲息地'!$D$2:$D995, ISNUMBER(SEARCH($B85, '棲息地'!$D$2:$D995))), 2), """")"),"") | L85: =IFERROR(__xludf.DUMMYFUNCTION("IFERROR(INDEX(FILTER('棲息地'!$D$2:$D995, ISNUMBER(SEARCH($B85, '棲息地'!$D$2:$D995))), 3), """")"),"")
A86: 083 | B86: 叉字蝠 | C86: 伐木、找東西 | E86: 昏暗 | F86: 詭異、感受風、木製、垃圾、觀賞樂趣 | G86: 澀 (小麥) | H86: =IFERROR(__xludf.DUMMYFUNCTION("IFERROR(INDEX(FILTER('棲息地'!$B$2:$B995 & "" / "" & '棲息地'!$C$2:$C995, ISNUMBER(SEARCH($B86, '棲息地'!$D$2:$D995))), 1), """")"),"垃圾場 / 垃圾袋 ×1") -> 垃圾場 / 垃圾袋 ×1 | I86: =IFERROR(__xludf.DUMMYFUNCTION("IFERROR(INDEX(FILTER('棲息地'!$D$2:$D995, ISNUMBER(SEARCH($B86, '棲息地'!$D$2:$D995))), 1), """")"),"叉字蝠") -> 叉字蝠 | J86: =IFERROR(__xludf.DUMMYFUNCTION("IFERROR(INDEX(FILTER('棲息地'!$B$2:$B995 & "" / "" & '棲息地'!$C$2:$C995, ISNUMBER(SEARCH($B86, '棲息地'!$D$2:$D995))), 2), """")"),"") | K86: =IFERROR(__xludf.DUMMYFUNCTION("IFERROR(INDEX(FILTER('棲息地'!$D$2:$D995, ISNUMBER(SEARCH($B86, '棲息地'!$D$2:$D995))), 2), """")"),"") | L86: =IFERROR(__xludf.DUMMYFUNCTION("IFERROR(INDEX(FILTER('棲息地'!$D$2:$D995, ISNUMBER(SEARCH($B86, '棲息地'!$D$2:$D995))), 3), """")"),"")
A87: 084 | B87: 喵喵 | C87: 交易 | E87: 涼爽 | F87: 容器、大家一起用、閃閃發光、玻璃、華麗 | G87: 辣 (紅蘿蔔) | H87: =IFERROR(__xludf.DUMMYFUNCTION("IFERROR(INDEX(FILTER('棲息地'!$B$2:$B995 & "" / "" & '棲息地'!$C$2:$C995, ISNUMBER(SEARCH($B87, '棲息地'!$D$2:$D995))), 1), """")"),"休息好地方 / 紙箱 ×1、乾草床 ×1") -> 休息好地方 / 紙箱 ×1、乾草床 ×1 | I87: =IFERROR(__xludf.DUMMYFUNCTION("IFERROR(INDEX(FILTER('棲息地'!$D$2:$D995, ISNUMBER(SEARCH($B87, '棲息地'!$D$2:$D995))), 1), """")"),"喵喵") -> 喵喵 | J87: =IFERROR(__xludf.DUMMYFUNCTION("IFERROR(INDEX(FILTER('棲息地'!$B$2:$B995 & "" / "" & '棲息地'!$C$2:$C995, ISNUMBER(SEARCH($B87, '棲息地'!$D$2:$D995))), 2), """")"),"到收銀檯結帳 / 桌子 ×2") -> 到收銀檯結帳 / 桌子 ×2 | K87: =IFERROR(__xludf.DUMMYFUNCTION("IFERROR(INDEX(FILTER('棲息地'!$D$2:$D995, ISNUMBER(SEARCH($B87, '棲息地'!$D$2:$D995))), 2), """")"),"喵喵、小福蛋、差不多娃娃、大嘴娃（空空鎮)") -> 喵喵、小福蛋、差不多娃娃、大嘴娃（空空鎮) | L87: =IFERROR(__xludf.DUMMYFUNCTION("IFERROR(INDEX(FILTER('棲息地'!$D$2:$D995, ISNUMBER(SEARCH($B87, '棲息地'!$D$2:$D995))), 3), """")"),"")
A88: 085 | B88: 貓老大 | C88: 找東西、交易 | E88: 涼爽 | F88: 容器、大家一起用、閃閃發光、觀賞樂趣、華麗 | G88: 酸 (番茄) | H88: =IFERROR(__xludf.DUMMYFUNCTION("IFERROR(INDEX(FILTER('棲息地'!$B$2:$B995 & "" / "" & '棲息地'!$C$2:$C995, ISNUMBER(SEARCH($B88, '棲息地'!$D$2:$D995))), 1), """")"),"邪惡組織的秘密基地 / (反派旗幟/電腦)") -> 邪惡組織的秘密基地 / (反派旗幟/電腦) | I88: =IFERROR(__xludf.DUMMYFUNCTION("IFERROR(INDEX(FILTER('棲息地'!$D$2:$D995, ISNUMBER(SEARCH($B88, '棲息地'!$D$2:$D995))), 1), """")"),"貓老大") -> 貓老大 | J88: =IFERROR(__xludf.DUMMYFUNCTION("IFERROR(INDEX(FILTER('棲息地'!$B$2:$B995 & "" / "" & '棲息地'!$C$2:$C995, ISNUMBER(SEARCH($B88, '棲息地'!$D$2:$D995))), 2), """")"),"") | K88: =IFERROR(__xludf.DUMMYFUNCTION("IFERROR(INDEX(FILTER('棲息地'!$D$2:$D995, ISNUMBER(SEARCH($B88, '棲息地'!$D$2:$D995))), 2), """")"),"") | L88: =IFERROR(__xludf.DUMMYFUNCTION("IFERROR(INDEX(FILTER('棲息地'!$D$2:$D995, ISNUMBER(SEARCH($B88, '棲息地'!$D$2:$D995))), 3), """")"),"")
A89: 086 | B89: 可達鴨 | C89: 找東西 | E89: 滋潤 | F89: 感受水、感受海、不可思議、看起來很難、療癒傷口 | G89: 澀 (小麥) | H89: =IFERROR(__xludf.DUMMYFUNCTION("IFERROR(INDEX(FILTER('棲息地'!$B$2:$B995 & "" / "" & '棲息地'!$C$2:$C995, ISNUMBER(SEARCH($B89, '棲息地'!$D$2:$D995))), 1), """")"),"溫泉沖洗區 / 椅子 ×1") -> 溫泉沖洗區 / 椅子 ×1 | I89: =IFERROR(__xludf.DUMMYFUNCTION("IFERROR(INDEX(FILTER('棲息地'!$D$2:$D995, ISNUMBER(SEARCH($B89, '棲息地'!$D$2:$D995))), 1), """")"),"可達鴨、哥達鴨") -> 可達鴨、哥達鴨 | J89: =IFERROR(__xludf.DUMMYFUNCTION("IFERROR(INDEX(FILTER('棲息地'!$B$2:$B995 & "" / "" & '棲息地'!$C$2:$C995, ISNUMBER(SEARCH($B89, '棲息地'!$D$2:$D995))), 2), """")"),"") | K89: =IFERROR(__xludf.DUMMYFUNCTION("IFERROR(INDEX(FILTER('棲息地'!$D$2:$D995, ISNUMBER(SEARCH($B89, '棲息地'!$D$2:$D995))), 2), """")"),"") | L89: =IFERROR(__xludf.DUMMYFUNCTION("IFERROR(INDEX(FILTER('棲息地'!$D$2:$D995, ISNUMBER(SEARCH($B89, '棲息地'!$D$2:$D995))), 3), """")"),"")
A90: 087 | B90: 哥達鴨 | C90: 找東西 | E90: 滋潤 | F90: 感受水、感受海、不可思議、看起來很難、尖銳 | G90: 澀 (小麥) | H90: =IFERROR(__xludf.DUMMYFUNCTION("IFERROR(INDEX(FILTER('棲息地'!$B$2:$B995 & "" / "" & '棲息地'!$C$2:$C995, ISNUMBER(SEARCH($B90, '棲息地'!$D$2:$D995))), 1), """")"),"溫泉沖洗區 / 椅子 ×1") -> 溫泉沖洗區 / 椅子 ×1 | I90: =IFERROR(__xludf.DUMMYFUNCTION("IFERROR(INDEX(FILTER('棲息地'!$D$2:$D995, ISNUMBER(SEARCH($B90, '棲息地'!$D$2:$D995))), 1), """")"),"可達鴨、哥達鴨") -> 可達鴨、哥達鴨 | J90: =IFERROR(__xludf.DUMMYFUNCTION("IFERROR(INDEX(FILTER('棲息地'!$B$2:$B995 & "" / "" & '棲息地'!$C$2:$C995, ISNUMBER(SEARCH($B90, '棲息地'!$D$2:$D995))), 2), """")"),"") | K90: =IFERROR(__xludf.DUMMYFUNCTION("IFERROR(INDEX(FILTER('棲息地'!$D$2:$D995, ISNUMBER(SEARCH($B90, '棲息地'!$D$2:$D995))), 2), """")"),"") | L90: =IFERROR(__xludf.DUMMYFUNCTION("IFERROR(INDEX(FILTER('棲息地'!$D$2:$D995, ISNUMBER(SEARCH($B90, '棲息地'!$D$2:$D995))), 3), """")"),"")
A91: 088 | B91: 卡蒂狗 | C91: 點火、找東西 | E91: 溫暖 | F91: 感受火焰、石造、感受風、有文字、花朵盛開 | G91: 甜 (桃桃果) | H91: =IFERROR(__xludf.DUMMYFUNCTION("IFERROR(INDEX(FILTER('棲息地'!$B$2:$B995 & "" / "" & '棲息地'!$C$2:$C995, ISNUMBER(SEARCH($B91, '棲息地'!$D$2:$D995))), 1), """")"),"來收拾吧 / 紙箱 ×1、玩具(任意) ×2") -> 來收拾吧 / 紙箱 ×1、玩具(任意) ×2 | I91: =IFERROR(__xludf.DUMMYFUNCTION("IFERROR(INDEX(FILTER('棲息地'!$D$2:$D995, ISNUMBER(SEARCH($B91, '棲息地'!$D$2:$D995))), 1), """")"),"卡蒂狗") -> 卡蒂狗 | J91: =IFERROR(__xludf.DUMMYFUNCTION("IFERROR(INDEX(FILTER('棲息地'!$B$2:$B995 & "" / "" & '棲息地'!$C$2:$C995, ISNUMBER(SEARCH($B91, '棲息地'!$D$2:$D995))), 2), """")"),"度假區的備餐時刻 / 椰子樹 ×1、椅子 ×1、盤子食物 ×1、營火 ×1") -> 度假區的備餐時刻 / 椰子樹 ×1、椅子 ×1、盤子食物 ×1、營火 ×1 | K91: =IFERROR(__xludf.DUMMYFUNCTION("IFERROR(INDEX(FILTER('棲息地'!$D$2:$D995, ISNUMBER(SEARCH($B91, '棲息地'!$D$2:$D995))), 2), """")"),"火雉雞、卡蒂狗") -> 火雉雞、卡蒂狗 | L91: =IFERROR(__xludf.DUMMYFUNCTION("IFERROR(INDEX(FILTER('棲息地'!$D$2:$D995, ISNUMBER(SEARCH($B91, '棲息地'!$D$2:$D995))), 3), """")"),"")
A92: 089 | B92: 風速狗 | C92: 點火、找東西 | E92: 溫暖 | F92: 感受火焰、石造、感受風、觀賞樂趣、象徵 | G92: 辣 (紅蘿蔔) | H92: =IFERROR(__xludf.DUMMYFUNCTION("IFERROR(INDEX(FILTER('棲息地'!$B$2:$B995 & "" / "" & '棲息地'!$C$2:$C995, ISNUMBER(SEARCH($B92, '棲息地'!$D$2:$D995))), 1), """")"),"小小博物館 / 隔板 ×3、台座 ×1、遺失物(大) ×1") -> 小小博物館 / 隔板 ×3、台座 ×1、遺失物(大) ×1 | I92: =IFERROR(__xludf.DUMMYFUNCTION("IFERROR(INDEX(FILTER('棲息地'!$D$2:$D995, ISNUMBER(SEARCH($B92, '棲息地'!$D$2:$D995))), 1), """")"),"索財靈、風速狗") -> 索財靈、風速狗 | J92: =IFERROR(__xludf.DUMMYFUNCTION("IFERROR(INDEX(FILTER('棲息地'!$B$2:$B995 & "" / "" & '棲息地'!$C$2:$C995, ISNUMBER(SEARCH($B92, '棲息地'!$D$2:$D995))), 2), """")"),"熔岩釣 / 椅子 ×1、釣竿 ×1、熔岩 ×1") -> 熔岩釣 / 椅子 ×1、釣竿 ×1、熔岩 ×1 | K92: =IFERROR(__xludf.DUMMYFUNCTION("IFERROR(INDEX(FILTER('棲息地'!$D$2:$D995, ISNUMBER(SEARCH($B92, '棲息地'!$D$2:$D995))), 2), """")"),"風速狗（★）") -> 風速狗（★） | L92: =IFERROR(__xludf.DUMMYFUNCTION("IFERROR(INDEX(FILTER('棲息地'!$D$2:$D995, ISNUMBER(SEARCH($B92, '棲息地'!$D$2:$D995))), 3), """")"),"")
A93: 090 | B93: 大蔥鴨 | C93: 伐木、建造 | E93: 溫暖 | F93: 柔軟、感受風、木製、細長、訓練 | G93: 辣 (紅蘿蔔) | H93: =IFERROR(__xludf.DUMMYFUNCTION("IFERROR(INDEX(FILTER('棲息地'!$B$2:$B995 & "" / "" & '棲息地'!$C$2:$C995, ISNUMBER(SEARCH($B93, '棲息地'!$D$2:$D995))), 1), """")"),"打包好囉 / 手推車 ×1、紙箱 ×2") -> 打包好囉 / 手推車 ×1、紙箱 ×2 | I93: =IFERROR(__xludf.DUMMYFUNCTION("IFERROR(INDEX(FILTER('棲息地'!$D$2:$D995, ISNUMBER(SEARCH($B93, '棲息地'!$D$2:$D995))), 1), """")"),"幕下力士、大蔥鴨") -> 幕下力士、大蔥鴨 | J93: =IFERROR(__xludf.DUMMYFUNCTION("IFERROR(INDEX(FILTER('棲息地'!$B$2:$B995 & "" / "" & '棲息地'!$C$2:$C995, ISNUMBER(SEARCH($B93, '棲息地'!$D$2:$D995))), 2), """")"),"") | K93: =IFERROR(__xludf.DUMMYFUNCTION("IFERROR(INDEX(FILTER('棲息地'!$D$2:$D995, ISNUMBER(SEARCH($B93, '棲息地'!$D$2:$D995))), 2), """")"),"") | L93: =IFERROR(__xludf.DUMMYFUNCTION("IFERROR(INDEX(FILTER('棲息地'!$D$2:$D995, ISNUMBER(SEARCH($B93, '棲息地'!$D$2:$D995))), 3), """")"),"")
A94: 091 | B94: 臭泥 | C94: 亂撒 | D94: 不可燃垃圾 | E94: 昏暗 | F94: 垃圾、詭異、聚集、閃閃發光、容器 | G94: 苦 (馬鈴薯) | H94: =IFERROR(__xludf.DUMMYFUNCTION("IFERROR(INDEX(FILTER('棲息地'!$B$2:$B995 & "" / "" & '棲息地'!$C$2:$C995, ISNUMBER(SEARCH($B94, '棲息地'!$D$2:$D995))), 1), """")"),"沼澤釣 / 釣竿 ×1、椅子 ×1") -> 沼澤釣 / 釣竿 ×1、椅子 ×1 | I94: =IFERROR(__xludf.DUMMYFUNCTION("IFERROR(INDEX(FILTER('棲息地'!$D$2:$D995, ISNUMBER(SEARCH($B94, '棲息地'!$D$2:$D995))), 1), """")"),"臭泥、臭臭泥") -> 臭泥、臭臭泥 | J94: =IFERROR(__xludf.DUMMYFUNCTION("IFERROR(INDEX(FILTER('棲息地'!$B$2:$B995 & "" / "" & '棲息地'!$C$2:$C995, ISNUMBER(SEARCH($B94, '棲息地'!$D$2:$D995))), 2), """")"),"") | K94: =IFERROR(__xludf.DUMMYFUNCTION("IFERROR(INDEX(FILTER('棲息地'!$D$2:$D995, ISNUMBER(SEARCH($B94, '棲息地'!$D$2:$D995))), 2), """")"),"") | L94: =IFERROR(__xludf.DUMMYFUNCTION("IFERROR(INDEX(FILTER('棲息地'!$D$2:$D995, ISNUMBER(SEARCH($B94, '棲息地'!$D$2:$D995))), 3), """")"),"")
A95: 092 | B95: 臭臭泥 | C95: 亂撒 | D95: 不可燃垃圾 | E95: 昏暗 | F95: 垃圾、詭異、聚集、閃閃發光、五彩繽紛 | G95: 苦 (馬鈴薯) | H95: =IFERROR(__xludf.DUMMYFUNCTION("IFERROR(INDEX(FILTER('棲息地'!$B$2:$B995 & "" / "" & '棲息地'!$C$2:$C995, ISNUMBER(SEARCH($B95, '棲息地'!$D$2:$D995))), 1), """")"),"沼澤釣 / 釣竿 ×1、椅子 ×1") -> 沼澤釣 / 釣竿 ×1、椅子 ×1 | I95: =IFERROR(__xludf.DUMMYFUNCTION("IFERROR(INDEX(FILTER('棲息地'!$D$2:$D995, ISNUMBER(SEARCH($B95, '棲息地'!$D$2:$D995))), 1), """")"),"臭泥、臭臭泥") -> 臭泥、臭臭泥 | J95: =IFERROR(__xludf.DUMMYFUNCTION("IFERROR(INDEX(FILTER('棲息地'!$B$2:$B995 & "" / "" & '棲息地'!$C$2:$C995, ISNUMBER(SEARCH($B95, '棲息地'!$D$2:$D995))), 2), """")"),"") | K95: =IFERROR(__xludf.DUMMYFUNCTION("IFERROR(INDEX(FILTER('棲息地'!$D$2:$D995, ISNUMBER(SEARCH($B95, '棲息地'!$D$2:$D995))), 2), """")"),"") | L95: =IFERROR(__xludf.DUMMYFUNCTION("IFERROR(INDEX(FILTER('棲息地'!$D$2:$D995, ISNUMBER(SEARCH($B95, '棲息地'!$D$2:$D995))), 3), """")"),"")
A96: 093 | B96: 鬼斯 | C96: 分類、交易 | E96: 昏暗 | F96: 詭異、不可思議、垃圾、容器、大家一起用 | G96: 辣 (紅蘿蔔) | H96: =IFERROR(__xludf.DUMMYFUNCTION("IFERROR(INDEX(FILTER('棲息地'!$B$2:$B995 & "" / "" & '棲息地'!$C$2:$C995, ISNUMBER(SEARCH($B96, '棲息地'!$D$2:$D995))), 1), """")"),"小心機關 / 氣球 ×2、驚嚇箱 ×1") -> 小心機關 / 氣球 ×2、驚嚇箱 ×1 | I96: =IFERROR(__xludf.DUMMYFUNCTION("IFERROR(INDEX(FILTER('棲息地'!$D$2:$D995, ISNUMBER(SEARCH($B96, '棲息地'!$D$2:$D995))), 1), """")"),"索羅亞克、耿鬼、鬼斯通") -> 索羅亞克、耿鬼、鬼斯通 | J96: =IFERROR(__xludf.DUMMYFUNCTION("IFERROR(INDEX(FILTER('棲息地'!$B$2:$B995 & "" / "" & '棲息地'!$C$2:$C995, ISNUMBER(SEARCH($B96, '棲息地'!$D$2:$D995))), 2), """")"),"詭異書房 / 書架 ×1、自然風桌子 ×1、雅緻沙發 ×1、細蠟燭 ×1") -> 詭異書房 / 書架 ×1、自然風桌子 ×1、雅緻沙發 ×1、細蠟燭 ×1 | K96: =IFERROR(__xludf.DUMMYFUNCTION("IFERROR(INDEX(FILTER('棲息地'!$D$2:$D995, ISNUMBER(SEARCH($B96, '棲息地'!$D$2:$D995))), 2), """")"),"鬼斯（★）、鬼斯通（★★）") -> 鬼斯（★）、鬼斯通（★★） | L96: =IFERROR(__xludf.DUMMYFUNCTION("IFERROR(INDEX(FILTER('棲息地'!$D$2:$D995, ISNUMBER(SEARCH($B96, '棲息地'!$D$2:$D995))), 3), """")"),"")
A97: 094 | B97: 鬼斯通 | C97: 分類、交易 | E97: 昏暗 | F97: 詭異、不可思議、垃圾、搖晃、大家一起用 | G97: 辣 (紅蘿蔔) | H97: =IFERROR(__xludf.DUMMYFUNCTION("IFERROR(INDEX(FILTER('棲息地'!$B$2:$B995 & "" / "" & '棲息地'!$C$2:$C995, ISNUMBER(SEARCH($B97, '棲息地'!$D$2:$D995))), 1), """")"),"小心機關 / 氣球 ×2、驚嚇箱 ×1") -> 小心機關 / 氣球 ×2、驚嚇箱 ×1 | I97: =IFERROR(__xludf.DUMMYFUNCTION("IFERROR(INDEX(FILTER('棲息地'!$D$2:$D995, ISNUMBER(SEARCH($B97, '棲息地'!$D$2:$D995))), 1), """")"),"索羅亞克、耿鬼、鬼斯通") -> 索羅亞克、耿鬼、鬼斯通 | J97: =IFERROR(__xludf.DUMMYFUNCTION("IFERROR(INDEX(FILTER('棲息地'!$B$2:$B995 & "" / "" & '棲息地'!$C$2:$C995, ISNUMBER(SEARCH($B97, '棲息地'!$D$2:$D995))), 2), """")"),"詭異書房 / 書架 ×1、自然風桌子 ×1、雅緻沙發 ×1、細蠟燭 ×1") -> 詭異書房 / 書架 ×1、自然風桌子 ×1、雅緻沙發 ×1、細蠟燭 ×1 | K97: =IFERROR(__xludf.DUMMYFUNCTION("IFERROR(INDEX(FILTER('棲息地'!$D$2:$D995, ISNUMBER(SEARCH($B97, '棲息地'!$D$2:$D995))), 2), """")"),"鬼斯（★）、鬼斯通（★★）") -> 鬼斯（★）、鬼斯通（★★） | L97: =IFERROR(__xludf.DUMMYFUNCTION("IFERROR(INDEX(FILTER('棲息地'!$D$2:$D995, ISNUMBER(SEARCH($B97, '棲息地'!$D$2:$D995))), 3), """")"),"")
A98: 095 | B98: 耿鬼 | C98: 分類、交易 | E98: 昏暗 | F98: 詭異、不可思議、垃圾、交通工具、大家一起用 | G98: 甜 (桃桃果) | H98: =IFERROR(__xludf.DUMMYFUNCTION("IFERROR(INDEX(FILTER('棲息地'!$B$2:$B995 & "" / "" & '棲息地'!$C$2:$C995, ISNUMBER(SEARCH($B98, '棲息地'!$D$2:$D995))), 1), """")"),"小心機關 / 氣球 ×2、驚嚇箱 ×1") -> 小心機關 / 氣球 ×2、驚嚇箱 ×1 | I98: =IFERROR(__xludf.DUMMYFUNCTION("IFERROR(INDEX(FILTER('棲息地'!$D$2:$D995, ISNUMBER(SEARCH($B98, '棲息地'!$D$2:$D995))), 1), """")"),"索羅亞克、耿鬼、鬼斯通") -> 索羅亞克、耿鬼、鬼斯通 | J98: =IFERROR(__xludf.DUMMYFUNCTION("IFERROR(INDEX(FILTER('棲息地'!$B$2:$B995 & "" / "" & '棲息地'!$C$2:$C995, ISNUMBER(SEARCH($B98, '棲息地'!$D$2:$D995))), 2), """")"),"") | K98: =IFERROR(__xludf.DUMMYFUNCTION("IFERROR(INDEX(FILTER('棲息地'!$D$2:$D995, ISNUMBER(SEARCH($B98, '棲息地'!$D$2:$D995))), 2), """")"),"") | L98: =IFERROR(__xludf.DUMMYFUNCTION("IFERROR(INDEX(FILTER('棲息地'!$D$2:$D995, ISNUMBER(SEARCH($B98, '棲息地'!$D$2:$D995))), 3), """")"),"")
A99: 096 | B99: 霹靂電球 | C99: 發電、爆炸 | E99: 明亮 | F99: 電力驅動、閃閃發光、圓形、五彩繽紛、旋轉 | G99: 苦 (馬鈴薯) | H99: =IFERROR(__xludf.DUMMYFUNCTION("IFERROR(INDEX(FILTER('棲息地'!$B$2:$B995 & "" / "" & '棲息地'!$C$2:$C995, ISNUMBER(SEARCH($B99, '棲息地'!$D$2:$D995))), 1), """")"),"公園的長椅 / 椅子(長條) ×1、垃圾桶 ×1") -> 公園的長椅 / 椅子(長條) ×1、垃圾桶 ×1 | I99: =IFERROR(__xludf.DUMMYFUNCTION("IFERROR(INDEX(FILTER('棲息地'!$D$2:$D995, ISNUMBER(SEARCH($B99, '棲息地'!$D$2:$D995))), 1), """")"),"霹靂電球") -> 霹靂電球 | J99: =IFERROR(__xludf.DUMMYFUNCTION("IFERROR(INDEX(FILTER('棲息地'!$B$2:$B995 & "" / "" & '棲息地'!$C$2:$C995, ISNUMBER(SEARCH($B99, '棲息地'!$D$2:$D995))), 2), """")"),"水手家家酒 / 木桶 ×2、發射筒 ×2、舵輪 ×1") -> 水手家家酒 / 木桶 ×2、發射筒 ×2、舵輪 ×1 | K99: =IFERROR(__xludf.DUMMYFUNCTION("IFERROR(INDEX(FILTER('棲息地'!$D$2:$D995, ISNUMBER(SEARCH($B99, '棲息地'!$D$2:$D995))), 2), """")"),"霹靂電球（★）、頑皮雷彈（★）") -> 霹靂電球（★）、頑皮雷彈（★） | L99: =IFERROR(__xludf.DUMMYFUNCTION("IFERROR(INDEX(FILTER('棲息地'!$D$2:$D995, ISNUMBER(SEARCH($B99, '棲息地'!$D$2:$D995))), 3), """")"),"")
A100: 097 | B100: 頑皮雷彈 | C100: 發電、爆炸 | E100: 明亮 | F100: 電力驅動、閃閃發光、圓形、遊樂場、旋轉 | G100: 酸 (番茄) | H100: =IFERROR(__xludf.DUMMYFUNCTION("IFERROR(INDEX(FILTER('棲息地'!$B$2:$B995 & "" / "" & '棲息地'!$C$2:$C995, ISNUMBER(SEARCH($B100, '棲息地'!$D$2:$D995))), 1), """")"),"水手家家酒 / 木桶 ×2、發射筒 ×2、舵輪 ×1") -> 水手家家酒 / 木桶 ×2、發射筒 ×2、舵輪 ×1 | I100: =IFERROR(__xludf.DUMMYFUNCTION("IFERROR(INDEX(FILTER('棲息地'!$D$2:$D995, ISNUMBER(SEARCH($B100, '棲息地'!$D$2:$D995))), 1), """")"),"霹靂電球（★）、頑皮雷彈（★）") -> 霹靂電球（★）、頑皮雷彈（★） | J100: =IFERROR(__xludf.DUMMYFUNCTION("IFERROR(INDEX(FILTER('棲息地'!$B$2:$B995 & "" / "" & '棲息地'!$C$2:$C995, ISNUMBER(SEARCH($B100, '棲息地'!$D$2:$D995))), 2), """")"),"") | K100: =IFERROR(__xludf.DUMMYFUNCTION("IFERROR(INDEX(FILTER('棲息地'!$D$2:$D995, ISNUMBER(SEARCH($B100, '棲息地'!$D$2:$D995))), 2), """")"),"") | L100: =IFERROR(__xludf.DUMMYFUNCTION("IFERROR(INDEX(FILTER('棲息地'!$D$2:$D995, ISNUMBER(SEARCH($B100, '棲息地'!$D$2:$D995))), 3), """")"),"")
...
